1.0681586682967141,2.0390696863429514,3.422256805711477,52.03407110096138,1.0714424788675903,3.2614938652930276,0.5367987477664894,1.0635232022877832,3213.2359974767996,0.34901386214231733,0.6418451796481672,0.0075201040073093976,0.9686844813465197,7305.0775683938755,1.9704278786310883,2.9765201115889224,0.03721230931890575,0.0006778114538721473,0.042907408876425995,11.067257768851054,5256.394015717355,1.0242739794351061,0.04669083466777406,7588.799021697468,3.7389909980387817,15023.341734902162
0.9829616502348502,2.1500102896500355,3.5309932426378365,52.482327984035535,1.0454739569822644,3.481278728317963,0.5145751419416311,1.168513317245582,3243.924261811063,0.3351478777457817,0.6867079148463563,0.007064482109945815,1.0111084977091565,6992.421375897218,1.8171125966543054,2.964484901829393,0.03595744282066318,0.0006261846956058221,0.04718549159704517,10.193079345153105,5344.546535861983,0.994113963340396,0.04886316176243616,7407.15504509514,3.845862604317347,16573.51843165612
1.060086421822791,2.1255025770419023,3.470313189092132,51.66720094263444,1.0682784811548696,3.3066452263348296,0.542097143698584,1.122907884258804,3454.5808731099337,0.32417179793255885,0.6969995317237053,0.007442806742982175,0.9539581757115763,7402.048141361367,1.741155864046824,2.6545986582954724,0.033292092129971404,0.0006371871762880211,0.047597894015943346,11.02023592374624,5236.078540343356,1.0435015142926871,0.050313571858999456,7814.397824198892,3.46522771187038,15426.06307250364
0.9295691971939232,2.1751832600041006,3.524442795463468,49.941162361325404,1.0284840130744837,3.7352839248339693,0.5002028642649875,1.1124866071914894,3094.4518576609007,0.333873407588981,0.6652671217303952,0.0074607797734469175,0.9925431438642225,7299.748896252366,1.950276335145576,2.6942835431997167,0.03625170352358165,0.0006766639045133489,0.046599091315048344,10.988639386849602,5022.216148975821,0.9926531481752121,0.04683649700367437,7588.847483143504,3.490956200276594,15172.434527802532
0.9847332816470233,2.0060442571257484,3.609234982894119,53.15651174664215,1.0147263520825884,3.666297191360598,0.5212967841669035,1.1954447828739427,3108.897425321608,0.3303666372023361,0.658368662343197,0.006563565664863387,1.062826120834485,7685.0339014040665,1.9655513044982915,2.9609599969610563,0.03281558712020127,0.0006358963980981587,0.045821772265561916,11.186975825469904,4981.401141614052,0.9461671954886364,0.049891750379499826,7605.8403363332445,3.402932941017164,16622.5902823218
1.0272950127977611,2.030923473537342,3.561708857669744,46.606639349656696,1.0901592424896305,3.626227495978144,0.5274803535927368,1.1221089937400277,3396.6558864615804,0.3182169319382986,0.6239656341922711,0.0074811150186045216,0.959377083627252,8008.193505531203,1.7644773406215277,2.929582588396725,0.032622033842699315,0.000654366043351747,0.045569024189324785,10.29469170137225,4746.044231814069,0.9570851721329667,0.04976877857426253,8483.696689345246,3.5037743633872385,15545.814694965242
1.0278690881112658,1.9869796817045577,3.630923593775958,52.74265613288848,0.9750483776287375,3.5496536499636018,0.5341864071881761,1.1180203719898414,3379.211626050188,0.3538334678786904,0.6203315899250208,0.007446072430681362,1.0239174886249294,7563.129882617999,1.9161410782306008,2.98558256030613,0.03621394872128324,0.0006773463364633838,0.04685532361211974,11.253097352002682,5337.97497406111,1.0505342306495753,0.049310075608495846,8043.213647495908,3.5342040154679957,14581.672229740294
0.9623092710879166,2.04583427691387,3.6160136175522286,53.66079580381454,1.0465295100415442,3.604456112955285,0.5316657374744499,1.167461572390295,3527.8183300100936,0.34732284309567846,0.6385036434272875,0.007094279133851316,0.9298967888114497,7364.0253070401905,1.8510317752215837,2.9513820010319525,0.036127028634930725,0.0006727304142366054,0.04412685575985242,10.095841182210627,5364.442176432696,1.0392284941995578,0.049405605384282736,7614.7124720086285,3.621677338567255,14719.95031069704
0.9277193813633737,2.172731812599975,3.495712887891435,52.20507847491571,1.049170799575755,3.5026451172558977,0.5636455944625527,1.0756330192293766,3312.1397215076136,0.3664756323026439,0.6168603463620009,0.00691963653255967,1.063882707541633,7679.912320094734,1.8790610125054137,2.8060204444101577,0.032545682514449926,0.0006334998324538266,0.04276771983843628,11.592794390197817,5318.47181432738,1.0330750946905756,0.048834966171773714,7770.773477594148,3.352892200658427,14676.664527096276
1.0150435302421035,2.0080257043438947,3.380773529760928,48.608237074620064,0.9582574024088517,3.65315043105221,0.55493718570439,1.1675824013905043,3200.248740519924,0.32867412073336305,0.6182170827429048,0.006826180979286443,1.0584240063337322,7343.093644065309,1.8269308118103382,2.734492775574294,0.036111771477998544,0.0006193342227459485,0.042428383758709935,10.6521646282039,4747.654680558194,0.959645299315051,0.04832744311506497,8328.03968249462,3.4321637543624597,16575.921322117225
0.9496128419544185,2.098103654733782,3.8869417713697416,50.32030250435555,1.0946322590461512,3.5775677498870184,0.5340190286732341,1.083463132452483,3383.9444473898848,0.3547657535533381,0.6411697647387705,0.007373027641354527,0.9388537058801942,7627.417730416098,1.883511389818377,2.8631662987784305,0.034977045669892036,0.000650037227994984,0.04364727593502519,11.395115571579879,5038.526394613291,1.0500639419661773,0.04998374133564859,7481.851179094984,3.331934698436638,14986.411325723147
1.0588384927857233,1.9731247455136278,3.368472125807811,48.19309288324807,1.009138919362106,3.590626500647426,0.5672951939878305,1.2144406718753489,3440.9290493735457,0.3254778906155302,0.6109798990314181,0.007179102392163124,0.9944484360279604,6983.011700402714,1.9897584374469135,2.6665506544407944,0.03386546411996519,0.0005945716982642416,0.04313539851997998,11.5855570804444,4795.604639770182,1.0612530012346684,0.04761799952318506,7404.04618540216,3.7737981532742277,15359.258187253665
0.9415131929906135,2.163567309769413,3.89631010323805,50.72092841026412,0.9974223903869824,3.3686562143529253,0.5200559377076285,1.1775516112392166,3293.6591810737195,0.3305915345745653,0.6750046396667809,0.007457667528947099,0.9330091836636173,6973.095449506175,1.8580789843845071,2.9248496127855983,0.03278519669763931,0.0006354492198993362,0.04373098090341581,10.111252270912246,5047.955454848232,1.0135836326734657,0.04948321656382412,7677.983156438193,3.4948246104348373,15422.139738213953
1.0426065577940398,2.0189955731788127,3.7654404882289887,52.41604854485003,1.0320360253852603,3.642882089397195,0.5494386464906332,1.1688261365994983,3134.5959216106144,0.3556126164348614,0.6851834114287487,0.007445412586825576,0.9602124372841604,7227.995000501338,1.9326390150841348,2.8702333257350254,0.03506059445439823,0.0006142178541058277,0.04344802383624264,10.90691477829579,5044.328264575082,0.9497041991539065,0.04687467055187778,7949.650922593792,3.6079839203110735,16451.03541225893
1.0301351139846466,2.060236508996502,3.6557199293841256,51.771889406538094,0.945216492092347,3.431621467381744,0.5237770882626788,1.216667770003337,3474.46878250993,0.3182431465275753,0.6805204736259373,0.007078059442025791,0.9675275421960926,7052.8657820771805,1.881106407919854,2.733247818444493,0.03535417629332263,0.0006652735115208366,0.04408835411845763,11.596154614474814,5284.9683102379295,0.951573996388464,0.04941782325900883,7908.083926090095,3.6719512713053897,16512.283655224186
0.9514512441240195,2.0313085384765115,3.7001036893687376,47.74453098643005,1.0628954493013596,3.350841573597993,0.5143313505363194,1.2004067082521397,3487.2585590064996,0.35541840849396455,0.6875600695272068,0.007132632947680112,1.0321717477992318,7179.532756327828,1.8346950992450801,2.7995880333851333,0.03736609296448236,0.0006575928512892776,0.04690784860505311,11.134772472958225,5209.072785527116,1.0320557768134566,0.05104039589741276,8295.929198570959,3.591274476015207,16179.262525641563
0.9669024887904352,2.131935540879209,3.404749094726433,53.51748487762185,1.0217038957256201,3.7334064473383255,0.5392884014041555,1.1849452752616714,3313.875429938865,0.3612126543304564,0.6931140858849307,0.007447379641117892,1.073471036619112,7440.246365142002,1.9569646529181663,2.942729728005925,0.03724010240012686,0.0006603645816686544,0.04545894716323396,11.066892361086843,5303.334881914791,0.9709873251294906,0.051925691605247626,7362.729189070228,3.7890537051111437,15134.705477033023
1.0463595576481994,1.9813354853858403,3.4456253833861767,50.98600437032069,0.9809121541032011,3.328349816434108,0.5668017422795276,1.0646704225365522,3562.423655051899,0.36338841691441226,0.6402857429075594,0.007322576251128793,1.0494659724993136,7120.918244307986,1.8247427327524073,2.876471048072048,0.03729804077856508,0.0006314772191939417,0.045537821574145536,11.569533180094552,4781.250513812478,1.0668100782708583,0.05277579593951064,7633.6797859897215,3.629290145451514,15573.707606647113
1.018778237319162,2.1417476768750014,3.449205206772215,48.72632946871144,1.0124201613425121,3.666037709041339,0.529524640249842,1.0755915329849648,3430.857510165336,0.3557990712908245,0.6521500003334778,0.007402436287443505,1.0377225529449081,7758.884489236221,1.8838846181467699,2.818029574103261,0.0365534791625965,0.0006794579047393407,0.04286887093668222,11.505522653801734,5217.402698717247,1.072104767322298,0.051270858944695276,8385.486322877716,3.4465580063705996,15186.097138511574
1.0494753844471107,2.0886977781405465,3.860982108838809,52.196103431062404,1.0723258183599609,3.3000956420167764,0.5669030155404855,1.074213110653163,3355.1051466066992,0.33473427597711264,0.6793528246434054,0.007490886554365519,0.9628231164193467,7582.017632970691,1.791111729350505,2.8285720626678983,0.03568261111664882,0.0006528112518036457,0.04604671001238834,11.61345715237789,5288.018539198867,1.0172375293343054,0.05258480453400212,7834.085482753911,3.321009130535851,16062.231845289616
1.036673122400443,1.970343458313058,3.7064020390751016,50.2780621203709,1.0501326375112174,3.2827363501203712,0.5299159362899912,1.1024446990078125,3455.646423960977,0.36478712410521674,0.619661509790129,0.006576320672884509,1.0580654886335032,7008.617538346369,1.8674819258112887,2.7690613776793342,0.03317893131080787,0.0006662789539455952,0.04504282348049744,10.577419546038199,5497.358755388873,0.9291417616218123,0.05219204087612634,7893.125884601197,3.80320807843513,15878.892083851126
1.0211262917305024,2.1743770166138243,3.4137636365574435,49.21354091531761,1.0839461913459618,3.6082866307186885,0.5116399651529215,1.117637721024102,3203.6392428685062,0.3613749399977951,0.6435951482999085,0.00732692657624781,0.997299302657884,7019.680309426914,1.8194334806412822,2.7932068082445785,0.03604619584384149,0.0006655128735950332,0.04390665161254088,10.149095713651937,5217.74415553026,0.9809777529502415,0.04908978164209816,7840.302911475997,3.3332523995342047,14824.63718872937
1.0199446145475266,2.0699074572637115,3.7241290385390404,47.89302375773366,1.0039210945318042,3.277371413351389,0.5516062318270366,1.1234034317912682,3337.1496427272723,0.35926257283725127,0.6929992760823197,0.0066089188641130225,0.9668390686324848,7081.562214723279,2.0041028086724664,2.9144618890325624,0.034479163004294204,0.000665561767533423,0.04279440625471115,11.368091001290427,5028.335384707599,1.0002358546156174,0.04711581056087536,7981.809788016161,3.330083256576905,15108.56804758756
0.9577227042224019,2.013433201073106,3.453719733744149,53.0450213857115,0.9542389426874275,3.2602809182680845,0.5160432596999034,1.096440574337554,3564.37687387817,0.32397873411368794,0.6432622046476542,0.00656300610524162,1.0223720216274974,7990.224731812283,1.835051005697741,2.8174107069429475,0.036754642821651494,0.0006457800858211797,0.04299798584280283,10.808469718542556,4786.076378229776,0.9822229155591853,0.05306485054233191,7417.636519586711,3.5098415972103085,16262.849844317523
0.982136577035444,2.187115037788641,3.850225791016975,49.473942943257235,1.0649342391709733,3.6524900544357477,0.5067012920788914,1.206998358553098,3450.6668913816284,0.3349769974136174,0.6115243754291819,0.006971313249342621,0.9478667909482741,7067.401640088367,1.8642692203747895,2.803167283356194,0.03732434636389134,0.000635034980971085,0.04321160171818217,11.451630716946836,5314.080661285572,1.015521714281315,0.046888434182918125,7344.51533980304,3.435297735778992,15576.719548551539
0.9724566880226166,1.9786265502159954,3.7325894789755054,47.964182213129426,1.0432155494541049,3.7464283568460335,0.5215595496155783,1.1705109683978727,3331.781200062524,0.3387151443391053,0.6878154737404125,0.006643862114162125,1.0663401485245108,7723.208233720962,1.8669489623435127,2.9751992069023405,0.03612227679873798,0.0006176918857972608,0.04838098261691716,11.014030143936932,4934.096570828632,0.9337824796146149,0.05016818223390896,8267.030036848717,3.4868639580061944,16134.099539538278
0.929098318481298,2.0670104921935755,3.6687911869022223,48.003880101130655,1.0736108619704494,3.5590928363416854,0.5437007356267454,1.2118787950843897,3269.606914650089,0.3221936261372039,0.617022479235261,0.006520639494057844,1.024623637030244,7665.124085525929,1.828944086465319,2.80337028307329,0.0339078700699803,0.0006707527391067134,0.04613050321750086,10.519406067540062,4927.657437924736,1.02428382309773,0.04647923430038234,8222.851037266315,3.6036322938980456,14738.263289847879
0.9257483497839729,2.1793269119052923,3.8840374661813093,52.463268150333214,0.9585384564390511,3.628293313293537,0.5469751910589484,1.2037369804389861,3112.8554789600726,0.32829636574218884,0.6967645841265113,0.007380859394625634,1.01568630755503,7323.197060835819,1.9591857536407529,3.006479947728498,0.034655860972790345,0.0005970760402288621,0.045507123217948205,10.531587389879572,5275.374284683639,0.941731199724488,0.04641549364685183,8349.32706846564,3.4784993393058565,15399.89784138288
0.9671385204884754,1.9630056185635574,3.5117089053190416,51.612847931429556,1.0241870035039395,3.6031776382501484,0.5418002333890831,1.178299218333457,3196.0369435289435,0.3264326765295417,0.6610151898848685,0.007438197064857716,1.0024388874666794,7853.689196041101,1.9433179631840303,2.9871654854114333,0.03454506772853226,0.0006778944786948937,0.04716981433975927,10.829965425696976,4883.927404915887,0.9717125151929518,0.047518352224582054,8173.454789849829,3.5058781076840995,15302.168179211803
0.9976078564124021,2.048279077244082,3.691607318793757,53.36769924172126,1.0132406164662597,3.2424714004610475,0.546861922882372,1.216442932291034,3456.2311173594308,0.33581943164895905,0.659761676385637,0.007103802628708555,0.9318191476914294,7494.383612124562,2.0027170193466084,2.775396667520043,0.03411129118489596,0.000613325540383949,0.04707814968653746,11.543169846353056,4815.201164396812,0.9900325926290438,0.05202642719461886,8408.797475853939,3.7272865417539887,14469.197309071735
0.9635028515369739,2.040491170441454,3.541031825383177,48.35161404657596,0.9761675972399277,3.673584536294109,0.5159502647744103,1.0632776632066465,3241.497107167038,0.3249922785833186,0.615593466474077,0.007028929997611227,1.0192119329315905,7678.158596399301,1.9733986678906197,3.0317702744404698,0.03303236346494818,0.0006543096342547593,0.04439225297239623,11.032344563422665,4801.846199595629,1.0390863212464723,0.04659503854850626,7423.221191815235,3.6420609927836756,14843.638698285433
0.9926832689873297,2.0665237980303073,3.531499419315073,53.330974117379284,1.0197213767987299,3.532954700121447,0.5515882828561972,1.1848719312895826,3420.5058575795065,0.36687896893055205,0.6500885893183772,0.007189895490310149,0.9620512929882608,7371.434670592806,1.8447588267043655,2.8808710784299216,0.034760889027412464,0.000624648983712916,0.04746479925033717,11.396157764395467,5356.971315303619,0.9769837424322828,0.0476916072107353,8259.994713098416,3.84323178523786,16172.467253506995
0.9685835393272789,2.2407941432415477,3.4607538313188613,47.101534244637506,1.0126499488950926,3.254587956890863,0.5695629374592256,1.145938108618205,3212.4680939488144,0.363376237130548,0.6564810932278555,0.007020017374946545,0.9428816396614794,7022.56458326402,1.7621896334650191,2.8898135594271697,0.03677203082468093,0.0006775249886238866,0.042968467802725244,11.390840852075607,4783.365755001312,0.9353501886290123,0.04651468884009083,8045.831979057244,3.480714224991221,14524.371861154614
0.942911650848463,2.0842395793855397,3.7014982208942984,51.650102837249555,1.0826631778365905,3.6750766908805064,0.5251159378689584,1.2006049088278599,3417.906608003493,0.34085763064373353,0.6702370352891591,0.006736646613472917,1.0721811995754653,7252.718376116847,1.8889873489517421,2.975712754809007,0.03594966660049399,0.0006707239142944445,0.04496772733850195,10.39112712198225,4995.864783265063,0.9510735908649202,0.04825419708639596,7942.743343775159,3.3645750712596967,15721.71250523497
0.9668681169510478,2.0939541413385694,3.6572906537241336,49.96744714145903,1.0099892063891418,3.2545139882103324,0.5623307769757604,1.0617359287736745,3117.344249522371,0.342407759783051,0.6789000448364247,0.0070908582335684305,1.0357654389901456,6958.337791764829,2.0101766478556273,2.7391053738969102,0.03566785532682155,0.0006472260556266034,0.04369707478472431,11.00240056010182,5018.392094087858,1.0002270874352672,0.04681210167251176,7991.5794784782765,3.448943030272382,15490.572200557195
0.9537722662196444,2.2281153668336575,3.725804511705926,52.474599397789596,1.0562185807007352,3.306740511205833,0.5464015371005827,1.2202963744510784,3198.549244787774,0.36834007024196436,0.6750580962991526,0.007402694979304483,1.031468866944505,7266.191760566361,1.9168375194149303,2.7776712409528868,0.0330638244256425,0.000629015585576149,0.0484547101964045,10.619901897420872,5182.45806522903,0.9950033583172756,0.047140793120300055,7943.315281201027,3.839251143544214,14961.054282212739
0.9856288267757636,2.091734376243207,3.6723230385739365,47.11128715916509,0.9569954275670179,3.4399594555707256,0.5671923649025984,1.165326138376875,3478.4290071325263,0.3375766549684415,0.6010809513073377,0.007003285893376124,1.0062962090286256,7669.8642543939695,1.883121165241855,2.8904244077535663,0.037307206583962006,0.0005924399164018772,0.04864445941027098,11.450205470968779,5376.2975104383895,0.9897298727539607,0.047602687917213136,8021.404182690783,3.3641948055058135,16098.717374048574
1.0575956084810394,1.9501681378332842,3.4095869952184144,47.76201316768595,0.9695774043540423,3.288267291042147,0.5626251780856831,1.0587083603954737,3419.98632273463,0.3248586457208741,0.6488841539747882,0.007282593370529616,1.0666002485788286,7813.413831512916,1.778132169441251,2.9354339801303744,0.03385148300529788,0.0006238789417594635,0.046738038092403004,10.170367198135768,5029.7395338421375,1.0602140635511748,0.05000537474960516,8194.331633381844,3.6013833933401216,15591.315111201415
0.9699986588990922,1.9642684746024277,3.449719106607474,49.819701832332896,1.094504153213103,3.2889489742553306,0.5363545358833154,1.1354349487573547,3257.5075103306403,0.36258963643722397,0.6016555749094478,0.007274094668209546,1.036904145006082,7567.99313629024,1.763085755857323,2.8889394798608095,0.033556595821149435,0.0006433910732456213,0.04697372638140884,11.330585481970669,5455.934768303537,0.9991521418501195,0.05253672721778466,8271.311777409435,3.4611872845457246,15053.626984810053
1.0124998410598463,2.01293882325766,3.8503707452115146,46.75689777304888,1.0738804449949881,3.4796619003216462,0.5476313282016766,1.2247903733879124,3144.598208336176,0.35476098698011965,0.6130765967948699,0.007276706486385142,0.9624995417242689,7628.516936656181,1.9885900891752957,2.754174435544318,0.03645205573146612,0.0006238836258028265,0.04566415557523372,10.62810357871182,5448.040985288346,0.9285964036284058,0.04675641791540604,7397.786711936959,3.7141270137094176,16328.381693812355
0.9346246737774399,2.117483741165259,3.73287290344269,49.60390133053974,0.9587546813108512,3.6157210666212256,0.5441765150773776,1.0713394496396291,3134.2436057320706,0.3397304030742183,0.6125929790995247,0.007453670923241108,1.0433549068850922,7309.581891020529,1.7666311439910993,2.9392755156020276,0.03452161995619402,0.0006804540699259495,0.045766306994585546,11.559426800440786,5394.0582260421625,0.932097839918913,0.049422619290856055,7857.831511081659,3.453097182279955,14485.475286016948
0.9453564866772265,2.0478533335607434,3.4779090109712665,53.15034336182126,1.0343707021195885,3.3782219619171627,0.5448128209913965,1.0568481278551576,3080.7361045920575,0.34252402735451454,0.6128327740278201,0.007150893055345597,0.9774614744779792,7043.861919721114,1.899862274107016,2.9666552440583063,0.03367468187412182,0.0006594521670886388,0.04339643880258161,10.223810491540078,5285.5528749128525,0.9435005889711754,0.04850427403580136,7518.741054531739,3.5240096263798115,15083.499721687864
1.0446065814521792,2.0448921494728687,3.8882486332208313,52.50066433308658,1.0030265948393358,3.401528881660443,0.5617724115570687,1.187197157250945,3138.7943276401247,0.34837430995460605,0.6599858363670663,0.006970350824887276,0.9702095376584344,7178.406701840601,1.887038013283488,2.829111288472625,0.03581339150821038,0.0006729914305765501,0.04278505986039114,10.613848349649725,4958.211524115538,1.040419365715735,0.05316949495170578,7810.753303509495,3.7186871170566667,16659.07049777628
0.9975868777031686,2.1632465648139783,3.5615138414662315,46.5862114437341,1.0352075888895105,3.271646785943544,0.5158510853696914,1.1687888032907132,3101.838438936532,0.34812251010373785,0.6353522337673316,0.007331048354463052,1.0164789073373899,7799.163799620059,1.7653752275185433,2.879653092836784,0.036994487629835746,0.0006523624227411574,0.043287777176657105,10.4787606110089,5121.9752977257995,1.011141257160726,0.053378993805846424,7400.407515874798,3.567812835137018,14477.4928156024
0.9623381385654298,2.0688126867088665,3.609937327663949,50.43532585147989,1.0282940368917468,3.4159460507711596,0.5086681827558828,1.1549476870935917,3537.8283036956386,0.3363770862792986,0.6916813365412691,0.006959041319378342,1.026782943388846,7756.146279357724,1.9913296830465916,3.0306556593113063,0.036008146696759905,0.000653890743473043,0.04203975003986648,10.65603673910199,5080.4054775316345,0.9330444843262201,0.04665302327468543,7466.43398239538,3.720173870478523,16659.127123638278
0.9935595574147004,2.051836381449593,3.430189192508611,46.74818426021998,1.0802154928662437,3.3785743779393873,0.5516475472903268,1.2038639532891782,3288.754064434398,0.3395414984112225,0.6927187036999842,0.007184814245181633,1.014331847249357,7807.048262359446,1.8358250557796696,2.8760956621526734,0.034065734549179424,0.0006123043624995251,0.04845239994003976,10.12636464460339,5396.784972766483,0.9574217506149555,0.04789173459592121,8389.664522124644,3.585266189568413,15065.623374279989
1.0675988271833459,2.230805408845626,3.8702836755248553,47.238719477321766,1.0432419405846094,3.5966488428635772,0.5590321381193809,1.0580113438364076,3248.6196185566864,0.327453335583921,0.6158112139455232,0.006931874982503385,1.0478457239627632,7392.651434638919,1.8757890201865108,2.9961446852184417,0.037409963039169936,0.0006433347086013838,0.04533325558360456,10.981988795555417,5262.39799831175,1.0148683456118996,0.04795981011479774,7905.247434545663,3.539332460898145,15248.90371557506
1.0503139159176904,2.2196073424682394,3.6789097864747626,52.66721510879219,1.0780511384610638,3.445430660554782,0.5073449160260637,1.1908407524297315,3261.282227663851,0.3436121285121272,0.6424166436755142,0.006913956042444185,1.0181445231417565,7242.117407159268,1.8949114464966206,2.9380382826151368,0.03368211169440261,0.0006815102717525728,0.04492447504295852,10.06163428842867,5137.258069396739,0.9488840435074518,0.04667485420370823,7860.950391948278,3.385728380539026,15082.71960316538
0.9922819245253182,2.0026116851476536,3.441295042355068,52.288958848832586,0.988533725441364,3.6928959710333755,0.5393484741260333,1.180694458075995,3324.7265530765258,0.35650704047749115,0.6547160529855878,0.006749316166182923,1.0700110232917157,8018.9065413080125,1.9915203931794145,3.0319010385797487,0.03398359675107892,0.0006561881524538497,0.04401147522567907,11.032933950523226,5480.978351455734,1.0209586742068772,0.050407211217726906,7340.160251153473,3.783491294712597,15932.689380837066
1.023073248236739,1.9994783460982055,3.6828395073849314,53.349343759687414,0.9650477899121733,3.737454495052442,0.5617784661786205,1.057185204489537,3115.7376318065462,0.3194903402869891,0.60209330148324,0.007360725274223521,0.9436039442469193,7428.028571998553,1.9784478164985693,2.721139360427114,0.032479835401517054,0.0006217368497010916,0.042746939056246776,11.620148449666024,4754.527073587132,1.0506203100697677,0.047222328221025914,8296.186992725576,3.5715550907386655,16070.698225233878
0.9260070626609964,1.983839410104105,3.4192417744817547,48.03778060392803,1.0432750798333437,3.3837996205901435,0.5630783266141581,1.1191404211922766,3130.6604464607512,0.36346249107088296,0.6432683471970013,0.007192585951073352,0.9392053135048791,7009.410223129724,1.8799454574765997,2.6652793289720935,0.0358204129951921,0.000648116863185461,0.04271961607026717,10.808484087462103,4893.803031367084,0.9870881094512064,0.052297942474660686,8153.894611342117,3.820868580612062,15112.658944362114
0.9983474507276517,1.9540658889284566,3.8774390785256267,51.46882748925574,0.9553200599598946,3.3667247508772773,0.49411920394651815,1.1093110306882303,3326.872901633583,0.34321445044894366,0.6518165306853438,0.006755788973364973,0.9606531868113795,7532.15785945218,1.8228153182439315,2.965253302032502,0.033835699628659406,0.000681884746766969,0.04535709961989802,11.198960216751857,5088.350437636649,1.0502002208354742,0.050806105812100724,8251.05364624738,3.6498722255170537,15160.559406360553
1.0568144981278649,2.1502675123388695,3.6134538161408742,52.06592922740353,1.073161523311312,3.325602224801436,0.5282842814477952,1.0787895196805934,3250.579133468239,0.32242926422781343,0.6373069304019838,0.006588603974451723,0.9388521579610699,7962.029706136258,1.7607473336419162,2.9671271552443734,0.03308478657659123,0.0006793977417422699,0.043206117943146036,11.125592546961707,5160.141578738686,1.0180283887229975,0.04815496669623763,8466.282907213954,3.387228618834442,14803.372239646953
1.011784278343865,2.1647606377854594,3.472130468703741,52.80654685382121,0.9987024662343342,3.474871100245524,0.5243946022044514,1.1102584379733684,3464.7017673562627,0.3281352934644777,0.6527147261292199,0.007193087171045535,1.0129309029322293,7339.243458338771,1.9691182548576913,2.9483940671919093,0.034089366379916615,0.000635667952833852,0.04568945960109065,10.307206344172005,5362.944596593783,0.9844163638954242,0.04852875575762836,7610.605071652853,3.354141385082946,15343.067005054272
0.9584226446765376,2.0137006203480237,3.687396647202818,48.65085447741134,1.084954476391591,3.3937330269849064,0.496578975241623,1.1942599287176345,3303.859502530395,0.35283481245997406,0.6158499894543634,0.006494819209828526,1.0306750560669318,7900.329019712041,1.8825014001753408,2.866348445653624,0.03646868767570382,0.0006026332861674285,0.04413256148585139,10.74309163887479,5259.380641073384,1.020335423428535,0.048905407513438234,7614.423406463069,3.840567389590939,14805.108334817893
0.9494153577443786,2.110863290621755,3.505627425611521,50.7171303679593,1.0797492851849646,3.3567073281237296,0.5556474016646429,1.084153531927618,3348.2602667700635,0.3239438425021011,0.659276682976968,0.006987089022133348,0.9803989236468931,7038.9380507186725,1.777496641527394,3.0626117480439454,0.034113444308188245,0.0006081162061151134,0.04654300183789467,11.664884935242416,4789.354953764978,1.0108689383917395,0.049646321919774805,8319.051607384125,3.541801765624588,15973.248096103413
1.0198559682733466,2.1288197578519945,3.682352079517436,52.53528405586811,1.0022342602452259,3.7260080221074348,0.49554341122977486,1.1898427805340257,3335.1897470551103,0.32160427280722104,0.6060580666963906,0.006815474704256561,1.071928716758931,7941.456426799959,1.9790061391641183,2.7344636237298205,0.0353409928242054,0.0006721857572914982,0.04287241530040034,10.082493547350019,5357.329487867049,0.9495850676448061,0.050788222647654,7930.4528523230265,3.8149395837537288,14719.936902261248
1.0365729094605187,1.9850768418814324,3.5959963822704135,51.426675721059745,0.9688080602490596,3.5853529331766696,0.5385931732921214,1.0678172525587422,3202.367889316228,0.34178560030245914,0.6177254637248271,0.007225519935320031,1.026194358481027,7809.329666951156,1.7539595648802413,2.8735893778802946,0.03753704151801467,0.0006545252957689626,0.04785576648625256,10.248639192210415,5438.923920621002,1.0553207199560461,0.05348780145504588,8218.030862039745,3.6501783043321154,16332.761960409827
1.0529795304527334,2.0444359744428655,3.595412577675692,50.64966231684933,1.0001131192285986,3.373161971820304,0.5051951465056437,1.19777259290889,3390.3043664380048,0.3563798200648557,0.6389163344611811,0.006669543124697643,0.925848755419437,7152.613348790428,1.9026579496368303,2.8840026140641797,0.036764232210898175,0.0006729186573369751,0.04566048816310471,10.765766024959397,4745.070768820164,1.0245009996616306,0.0492785823334117,8342.912494849616,3.783724894501921,16179.933535520926
1.0076497868143264,2.074821410642858,3.3879164201230525,47.197483073001486,0.948534376400266,3.718803726910899,0.5095583902988576,1.1711274452424392,3411.0730416165516,0.31877094173292825,0.6697644648148744,0.007514185078601934,1.0401834688062432,7738.764335393493,1.7478044177180414,2.772760674106957,0.035085737676558905,0.0005996504343870464,0.04730079216675645,10.076969632258047,5125.40845262748,0.9869720534584566,0.048896621330033634,7460.097855411157,3.3543268027487834,14500.689879717831
1.0223317417516014,1.9719366619964178,3.3753204709598226,49.02820062863603,0.9486739056578506,3.7361303514590674,0.5696438168625372,1.1580080025981403,3082.5330160652934,0.320376253130371,0.6873481914349626,0.006489035178335984,0.9550381040396865,7965.897173117494,1.9527796978796284,2.67742271074729,0.03576286168722173,0.0006185465227881891,0.04300290804576483,10.948036655790524,4921.715325786401,0.9781143377912556,0.053235085616789024,7496.179042161731,3.830163847832063,14543.185927205763
0.981823997949834,2.0374814394531873,3.5585794784639626,53.63390455957845,0.9709640068453077,3.6008829055499314,0.562420160422559,1.0964302127356822,3446.657878099883,0.35842945923917635,0.6870560667499487,0.007030639441927107,1.006126957034889,7849.680914564676,1.8932172708240629,2.740267692763142,0.03653619579052532,0.0006487935504875368,0.04423717960116084,11.293395924639475,5333.34045482249,1.0697183109164579,0.04992922067282833,7845.474700465851,3.578660570449517,15146.450514326358
0.925371983263391,2.2377904438959897,3.565229776148276,47.881690743911534,0.9450687554889897,3.733820420677902,0.5235638101144543,1.1257542865391623,3293.249458118374,0.3474487796897008,0.6171645734376899,0.006710480114184718,1.0324216608498828,7245.640331319987,1.9395618254808387,2.947310029667748,0.0360643589823617,0.000671720363476626,0.041936365156109344,11.523538381884189,5238.289693411204,0.9310365564462724,0.05105562663047912,7872.126038827082,3.721093576752339,15130.059678944472
1.0029244038872625,2.0942869906198642,3.3996315636620213,49.31586999410653,1.0550723159039084,3.66143071969692,0.5556042723185171,1.1578908423590084,3397.869969520344,0.32031808701746756,0.6384140983186869,0.006820388609126875,0.9874484484508831,7419.579615816066,1.8880695764603828,2.764107037021833,0.036914598099826196,0.0006082417503251868,0.045947088182678564,11.643745664985065,5317.619342754899,0.9491414894028232,0.052105842305156864,7505.5747662405975,3.8459874741386653,14850.300245010798
0.9567791257972951,2.1249969906686523,3.6865900028683773,49.26287655633877,0.9692233656983826,3.358296738280651,0.5594228235044831,1.216953965761987,3399.2217029732974,0.3473968878984133,0.6773152316810821,0.006667887099025255,1.007804185599409,6939.970868336041,1.896701127355283,2.7146785632989037,0.03402581107524213,0.0006755310273338624,0.047453323028655146,10.444073610817204,5261.371515648074,1.0061871690079434,0.05041277622978997,8372.633963075377,3.328368745926143,15590.149485094198
0.9831752179490825,2.193059048168752,3.899062877671979,49.06747088924929,1.08044218105552,3.346891851957799,0.5409775595343123,1.2129598003345616,3259.8771032811337,0.3398623924146703,0.6794302513957673,0.007364735544130226,0.9340170727154273,7757.009821816323,1.884229715133687,2.771022914609656,0.03705397523390942,0.0005953786857784514,0.046514496904209765,10.674561384661464,5271.510890353329,0.961059861101897,0.05210781070848208,8340.452128365796,3.7230217289062915,15011.957013717492
0.9512732111516704,2.1146416906639187,3.4868818565283206,48.35406533090804,1.0802984875257866,3.5227928399639197,0.5397308816921398,1.0789828772741559,3304.290685649347,0.3435855803083389,0.6959909754155622,0.0066042374700357055,1.01832305668042,6967.679536379736,1.7541898740104558,2.6883423176432717,0.03286558622766337,0.000651532836890119,0.0450071806653401,11.226494143158513,5269.944195724274,1.0736444864384835,0.04705920829441692,7890.133583527321,3.5024780247337124,16171.471468700995
1.0519339719111676,2.1485836708519055,3.759408250124754,47.76582453013559,0.9938203104822008,3.5591647092461938,0.5580241857462204,1.1948317447043717,3114.986817917854,0.34024970764961193,0.6926585335814178,0.007325251800161315,1.0407990378274927,7161.366121853722,1.8684742617347592,2.8343195280927427,0.033737555222938025,0.0006193165825405095,0.04597597967777288,10.851692291097823,5359.314848517334,1.0413322659671724,0.04946826908425916,7667.238955811712,3.375097598324661,15743.639319198272
1.0590611399401464,2.1443815043397394,3.855347857823455,46.61748099948844,1.05889712996002,3.64058951182309,0.495196869475737,1.0676192317070385,3102.8712376935014,0.343755206487214,0.6003702449568619,0.006540073027961933,0.9292313160154436,7661.215612370025,2.0013866905376148,3.04130583986774,0.03392797725702343,0.0006289359276949425,0.04381581664044472,11.308246032930962,4813.491545216478,0.927229161139887,0.050706770820363775,8457.72632219343,3.4400390843848587,16413.809419366768
0.9905800110890347,2.2496495191286003,3.409542614185857,48.062251563842956,1.0547709412131843,3.7449486850241,0.5019232717990718,1.1853345775712738,3114.189304366375,0.32549968671952517,0.6657644680770843,0.007462524697147951,1.061710549870039,7127.193646078695,1.9761281161935393,2.9360906527697925,0.0370062546614165,0.0006617894888267697,0.04306145885621705,10.880088248332596,5167.094201521702,0.9677734883962594,0.04832142971528693,8160.3045403775595,3.3982683119435566,16499.834246801292
1.0676160975233375,2.139634398440018,3.4596258797811275,51.67701126683477,1.0238310067380907,3.333335687511963,0.4947583521792351,1.09409470011423,3327.5589031019554,0.33974406989501865,0.620316100889333,0.007206182099956653,1.02131933137162,7381.3910662008175,1.7927399097059653,2.7617313657631786,0.036225208004515036,0.0006322659848389229,0.04413224810685692,11.245581403005357,5509.663279375331,1.0591112429186953,0.04869785386782265,7392.261026860667,3.51477203291597,15910.427664669702
1.010143008886338,2.16239524560071,3.581820164391309,51.23479717688168,0.9715390954916535,3.486364259897456,0.5027569891660892,1.0795592422631637,3255.979609246567,0.354366474773133,0.6384063942853646,0.006606797974908726,1.0388390363745983,7892.447439085738,1.763519504582969,2.93194425832867,0.032655624041424657,0.0006037316562177389,0.04650973267992164,11.336204475077896,4835.392096933123,1.0677541421779218,0.048312343868952376,8006.186678559719,3.5093173155222104,15167.14579714854
0.9350720769398333,2.113809362985766,3.467597373347325,46.88808353354932,1.020356412605042,3.5918947164202435,0.5346059605479462,1.138837184616428,3472.526309217351,0.34239380537174446,0.6457969860738588,0.0075111595004769905,1.030700551606622,7655.264001973738,1.933606015805737,2.7759800411267737,0.03302578354565451,0.0006417777377457712,0.04324725595226376,11.549273027472017,4797.027398266602,1.0180174538566038,0.051842589853094034,7456.712805093755,3.6569499980809597,15593.329282297222
0.9770725831151845,2.0947948111317425,3.7076058308135744,46.29561049350545,1.0185777052984273,3.599509311144253,0.5014502676816279,1.119137067758294,3314.539240784188,0.3528134201238061,0.6539915424935854,0.007515325672321167,0.9890819944525155,7698.827458521804,1.9158925472231398,2.755387105483939,0.0372698677879569,0.0006276528374552542,0.04692185216909778,10.883832196705535,5381.007933121383,1.0365233976174761,0.04629332735257451,8115.40975867444,3.4361020103904587,15126.981595926902
1.0576937996146711,2.158358494295201,3.447749145649706,52.910078446930186,1.0877680629930337,3.5673430144262346,0.562560432540758,1.069858486052469,3465.3996810786703,0.32832407415021403,0.648346250708647,0.006591539912252026,0.9816655517737263,7840.001969717276,1.93728287055107,2.7988239433372546,0.037417395961082324,0.0006193016014417446,0.04359799622038828,10.14710255470566,4917.786701724929,0.988349976014355,0.05071618422663074,7853.524909095416,3.557376464858552,15022.170210780989
1.0491008966469983,1.9426681401727985,3.6464100152817105,47.288305435384224,1.0706134999068868,3.2973924486317348,0.5343199579165178,1.0914142386050996,3445.509539630374,0.34007679277869907,0.6011339431498637,0.006919284886258398,1.0557156942802945,7883.486059540772,1.935343217317955,3.036181838875608,0.03738354119830354,0.0006250999559008566,0.04621844085830557,10.549132304491318,5142.698362945901,0.946620025585627,0.05285095330095898,7602.59975685707,3.5994233179502917,15366.964378442133
0.97981470442374,1.987576080801471,3.506364089296601,47.75366863340902,0.9917176480794716,3.522631142053762,0.4972887343365338,1.1446961585614217,3123.972055896697,0.3244086638085114,0.6346709087645367,0.00745870632067782,1.0164126375369584,7231.206454153509,1.939835564460768,2.9670067065863317,0.03520857410990043,0.0006571164831555995,0.04654306892184375,11.623824195935423,4751.199669601684,0.979410454348286,0.047901281974310456,7743.696898667587,3.830849460083458,16032.846059170342
1.0644024767205844,2.014055449290515,3.73412702262371,51.07962927200616,1.0374494574212856,3.4075477797820963,0.5316949956170041,1.1203903146316927,3205.1549559808036,0.3351682962971712,0.6363114027038941,0.006740635606532783,0.9477987385981714,7636.336087113772,1.9503601679532276,3.037942378284077,0.032873480310844035,0.0006554037407008611,0.044749381819282286,10.579842805969786,5100.9458513745885,0.933053827118658,0.04902219926713915,7723.794851250476,3.4388691094828268,16591.315639172448
1.0036359946483002,2.110777616127228,3.3714899772881157,52.06297541380868,1.0532346084808035,3.397030098828443,0.5142065455226709,1.1088353296000777,3440.617519898763,0.3542514067895595,0.6165496942428386,0.00684571693519368,1.068073487900027,7619.639005282772,1.7442698228187319,2.801154779040221,0.03521201649342452,0.0006126018405641603,0.048262418538989126,10.466330956960395,4925.349244926604,0.9731514196023918,0.05109468960594993,7433.982883250873,3.5401832281198233,14788.29584915605
0.9915001595004671,1.9481971625331238,3.8457505293284218,47.7866053969661,1.0902800232857528,3.6548688382034316,0.49054645446909106,1.1828736264383402,3186.4407180622056,0.3492474837932137,0.6889692023396901,0.006898233779389492,0.9864783701000635,7900.109908482351,1.9949804895224077,2.732866181119192,0.03709399386286486,0.0006017641656547822,0.0482258449167227,10.841496724825902,4791.33539470511,0.9675300091477163,0.05371002002785125,8119.910933738593,3.3361699376096894,14807.141896001893
0.9429907187380839,2.1318857502245327,3.7170383848459845,50.34651891476926,1.0926055559090744,3.286660308435736,0.5638958740784659,1.1601367275993029,3117.6687509923254,0.3539993514532814,0.6237446650403637,0.0074347769426960746,1.0604713176417992,6995.609209751212,2.0119717213118435,2.928808485766356,0.03311895046700612,0.0005929592452484997,0.044062446998325254,10.3757754127587,5244.28745207152,1.0528664242147263,0.04957032815676361,7943.951507106698,3.3313920691041266,15430.811217581659
1.0727532164801767,1.968441100321422,3.735935114074671,50.27684634533317,1.0397877000185416,3.335397680054023,0.5023324636858677,1.2155348877187584,3422.8828323666344,0.36710232232875983,0.6543060224792207,0.007520236994830823,0.938505407141126,7312.316076515236,1.944273010794963,2.8240698715903525,0.03627768500552137,0.0006123147632573712,0.04268450930998549,11.277411081454519,5294.29924946799,0.9410715355123882,0.04770131477718366,7308.188160233039,3.6528967602547633,14988.135828017921
0.9398466769728576,2.212357672463682,3.4356106124942096,49.11132425582591,0.9698808861604736,3.297880441756579,0.5635513428326826,1.0547316303064542,3244.3248645423528,0.3400896935575539,0.6741445835974166,0.006884209605308566,1.016539665847465,7715.2531625123775,1.7571963040443026,3.0124241999412233,0.034129542039137685,0.0006835358560346795,0.0477323849854257,10.429884491799147,4816.295387840095,0.9375648228775534,0.051009813856045236,7754.687331298012,3.6956528666568724,14628.538448987065
1.062015158242643,2.052431443847984,3.685768490819344,53.2047721677331,1.0871309819509654,3.719069036259943,0.55763592248366,1.206225843725139,3235.6492954389473,0.3339620605930935,0.6488992310493309,0.006641209908776035,0.9263104005167845,7515.010684542356,1.9867273437234627,2.656010952350544,0.03583420995636208,0.0006589184323611305,0.0445935941020352,11.090198313899126,5197.007468503809,1.0617324625668196,0.05128236171579272,7668.0083591822195,3.4670491427329226,14679.936568347492
1.06930281676121,2.01566379231798,3.836532279971794,50.87554140197618,0.9461961902926297,3.519657441890224,0.5608081622826847,1.072616670785487,3082.1874994688096,0.3337015508896349,0.6291812474513867,0.007503598797311288,1.0323704405052,8002.367363442274,1.8641690666216508,2.7176530245768444,0.03612938649671485,0.0006136937768248104,0.04853721605561423,11.491776407209585,4904.8179186128955,0.9377402327843882,0.048393951984946795,7511.465929670436,3.667149080441337,16209.007434227024
0.9344001940156939,2.0336528043709756,3.49958764994091,48.063447199610536,1.091466579805652,3.545877984902707,0.4949970309791117,1.1501900578089632,3196.5961512390504,0.3524178863479176,0.6313682803357212,0.006596855272013118,0.9800512821698476,7754.861403395676,1.8610117848426695,2.750422096052069,0.03319606199825845,0.0006262239036281571,0.04821318979037205,10.575530647099793,4767.382129554713,0.9507726504537757,0.05132409877299522,7982.383086776144,3.658431455940666,15084.439355829876
1.0091939193721378,1.9989066106743358,3.8329215627266136,49.82319355568159,1.054793772135112,3.3218198007274977,0.5603223718015551,1.1818333100286411,3140.8101166407155,0.3266397562007771,0.6141961268189353,0.0067077664539984955,1.0422147688410086,7888.754599690837,2.015165388394613,3.0533286208978785,0.0354993631565481,0.0006221297094443687,0.04208731429613775,10.12809141751313,4913.85365259572,1.043707688721858,0.05315347283338558,8345.798675168227,3.450566306961393,14929.49760694
0.9615936347816662,1.9936262723434957,3.5904223285560604,46.40810807341158,1.0831344091814654,3.379447497660542,0.5546540880297662,1.0716772759422923,3332.534442978445,0.32049266760470296,0.6111060995963875,0.006961067246515051,0.9617651434058809,7823.446181327381,1.8202987804738888,2.6446554821671477,0.037174841311535325,0.0006527325200102107,0.04765027307475274,10.301758377252575,5021.283006633523,0.9521785345095499,0.04817570435163051,7333.887096224284,3.7253731132528403,15638.106934718953
1.062970652471519,2.1985965060073944,3.777817778034806,47.83949505822531,0.9845036259404767,3.4655231453183295,0.5326981643887162,1.216438703405182,3280.974469283467,0.32777202650031856,0.651834663878297,0.006675317695613269,1.03974216376883,7496.180914026252,1.7368442766878638,2.867801903072605,0.03652257909337006,0.0006695099968788169,0.0447470673411317,10.630392804020394,4790.100790725925,1.051238490369031,0.05154966582284416,8126.644403111826,3.7023760656704896,16678.6521847701
1.0747246824714602,2.1069384727755174,3.7874520033701997,53.45749136099707,1.0384282747538869,3.6148242962044055,0.5126489518034494,1.2067820074395363,3329.140509582121,0.3244923514659698,0.6911552207280774,0.007295313796713453,1.0069219594330616,7675.446482878946,1.994242686266325,2.8243344742877445,0.03406924819708471,0.0006293985668901318,0.04663028762019239,10.354572443169415,5225.696401574913,0.9686236305688133,0.049409760922306215,7667.319136768647,3.4989654038872007,16666.656005516554
1.0249249782463095,1.987898482661553,3.7279026087289173,47.2367218078923,1.0453567016609269,3.338672765165594,0.4905056104414277,1.1554523122446152,3475.108994564792,0.36724370253078686,0.6600416499409084,0.0074323848773114095,0.9568059066556278,7905.495497017009,1.8336994043628692,2.7874387460433283,0.03404551274395877,0.0006675133995387605,0.04549203873458647,11.16893672603377,4828.596105019914,1.063791708295967,0.05158541541481308,8186.033959908871,3.5533581845153406,15183.431608015082
1.0625612697375528,2.012210954376398,3.8891201490869998,49.15910283552339,1.0390269317440688,3.6586351240027724,0.5380801844544841,1.1872372080939089,3276.194953582876,0.3281201648282507,0.654030517034284,0.007432585774267071,0.9914377540589935,7763.770261570316,1.809643322208483,2.8087319598401637,0.036401438830044,0.0006341309276073283,0.04405661792932928,11.014319342508117,5065.4615311801235,1.0266499078316893,0.05191746191677456,7357.469387796895,3.6335446953202943,16437.883659104773
1.0713053850687073,2.0903402886576457,3.527759712600052,51.086493344526076,1.0568616197637253,3.2426428611637137,0.5566290763819874,1.151008122565794,3241.6058727721124,0.36876314226721574,0.612334890434541,0.006753577298209606,0.926931274008289,7509.048955031495,1.8751750298413974,2.876771781956833,0.03748838477118609,0.000661864886660872,0.04467944496032742,11.422958421656098,5141.971104733538,0.9775484454644277,0.05045692199247552,7455.316551844477,3.452468413644631,15477.923597074476
0.9924891118345867,1.9514646937633828,3.372189221543019,50.47240114377114,1.0346078223520758,3.4051643208885523,0.5688017098787099,1.2233803729560901,3302.9274990428144,0.31909461673312206,0.6392242662575599,0.0073456853199646635,1.0207570563282509,7781.651877101903,1.7667092445923938,2.6667165228191174,0.034385208172162104,0.0006169586419030751,0.04339748069871127,10.645223603529772,5394.631752958615,1.0648995180479195,0.051309273246458675,7457.117621221674,3.5978249655583294,15029.629622537277
0.9302507446328225,2.0766849188803995,3.5957120842329355,47.7343888959423,1.0172167087967348,3.635725968928389,0.5340999778040662,1.064389344896738,3137.546303512795,0.34495936414155703,0.6093802058667313,0.0068965243359394015,1.016604861660441,7697.061555784581,1.7680638576588847,2.744345157455988,0.03519777836593793,0.0006550036748108634,0.047476527498074086,11.025501178568161,5364.588205514884,1.0367898752753884,0.04839972966872738,8006.816064142524,3.65009980148894,15467.040061279524
1.04668201065859,2.0009777099337698,3.899512371131436,50.99287523962733,0.9891885899688,3.4635129084921483,0.5247836805735071,1.0740647406324977,3124.2043005164032,0.3564216609225769,0.6482690054815763,0.007238309772599547,1.0624052970394402,7513.667864713504,1.8332610508106404,2.904406078961874,0.03411700065963138,0.0006591382764967579,0.04383387832754334,10.787823987308814,5206.490248946575,0.96418102667756,0.04850697826286589,7776.569458543131,3.826188068299155,16700.86477088301
0.9939908197477845,1.9640438352921348,3.392856309401964,52.84089198627702,1.087458376501363,3.6208559863416694,0.541551863502677,1.0951351817893582,3258.9389282389143,0.3621866651798411,0.6821726163588071,0.006593228370481961,0.9413238023334534,7393.254540768761,1.7916809074657698,2.6529851313574833,0.03574442560211191,0.0006570160000238827,0.044780745412223606,10.170650833571052,4886.733822047927,1.0025342702389524,0.04898047138382079,7723.976068824203,3.768879051178466,14867.72914643955
0.9893888482409833,2.0793515573425845,3.6440846536798217,53.40134808648979,1.0251546873868607,3.3925410539594223,0.5427062952856683,1.186673821995425,3488.352617368602,0.32003743888635783,0.6875260429853693,0.006689251750033011,0.9497580426894013,7040.843626392325,1.9008333322632045,2.7647083893236153,0.03369620324365967,0.0006422009385631998,0.04430077638419766,10.276049161626052,4827.297815080809,0.9640321088381425,0.048822420799509395,7334.464363151712,3.8446072804833173,15152.039369946184
0.9674924193197058,2.0011056368140654,3.5662684911747142,46.54459266356927,0.9449134753622477,3.4192215306531097,0.5465269743164403,1.1460954558422822,3567.9618220172756,0.3586445267346392,0.6166004073498562,0.007100551690356711,0.950478256945356,7000.999731966434,1.9508079918452468,2.8883374929677057,0.03480091559303379,0.0006509300897480439,0.04450202515086454,10.742618550567586,5210.570754516032,1.0589038785618634,0.05105140006595607,8055.101368334022,3.714298816804754,14535.100415864401
0.9917703733409198,2.2560500131200416,3.8506713901283205,52.122225394391755,1.0496377827434717,3.4999847322977216,0.5571537539770961,1.1780210204468942,3280.4148597509807,0.35336323192624597,0.6960197986796461,0.00719542731243415,1.001849693037871,7210.754417162176,1.9519947270616007,2.8591183218553935,0.0324576036825657,0.0006454080967921524,0.04590008440574733,10.101080558087666,5045.932565299894,0.9925851104297094,0.0471493419870834,8228.468773569635,3.4811309898635003,15037.489777114548
0.9994745032427172,2.1434339585940476,3.729257091009121,47.90458962506837,1.078243950868497,3.304030160403892,0.49850306257340266,1.087831938650398,3365.575253195178,0.3691174838743363,0.6859644265865164,0.006510455913506767,0.9920462420920426,7670.244237972849,1.9744581493629283,2.979116682689713,0.0337757762711335,0.0006773182860407605,0.04203637100215752,10.51932830675993,4825.386390437495,0.9386590979823677,0.04683717666238731,7693.760039163453,3.494755212718763,14477.22735473544
0.9746162798617206,2.0880531112521465,3.4280263200203023,46.891545670649634,1.0106538422067242,3.2800842589875554,0.5656770646969914,1.0833368759783828,3497.5996042329725,0.32420894166438546,0.6537857749725422,0.007090792081719116,0.9525796953590188,7729.826556784977,1.8381996993369156,2.842004930882983,0.033528565368411395,0.000611305380670249,0.043213827828169696,11.629185255020259,5346.659007762231,0.9337849278154667,0.051777938551601684,7427.662177047142,3.748989094552405,16575.927159765717
0.958266367145848,2.0026860314492367,3.622840416513516,48.85099167382507,1.090277736912144,3.7293183485645356,0.5435749389197468,1.1484913603114044,3365.459590064927,0.32015097851633934,0.6960912638547058,0.007318030129988315,1.064385918931584,8017.417135998875,1.856188762132292,2.978654030013223,0.03341292106520021,0.0006320265963898299,0.04802446282646983,10.101264047484227,5413.941829402308,1.0309999951539712,0.05256468984617528,7736.100155924569,3.5280655866444612,15173.634855614333
1.0355539286998623,1.994949058489107,3.6374287355592565,47.71722702883555,1.0743196368788797,3.7449860862482245,0.5137044781850258,1.203654575834622,3285.6125992983057,0.3611969197116495,0.6651960626888502,0.006641374546429989,0.9880403597090857,7579.435663617576,1.8510743675739543,2.9192061800525066,0.03630821092994593,0.0006075687951477517,0.04573025568303884,11.11598470152572,5398.522712069443,0.946200372132579,0.046457457646720206,7488.364338566129,3.576372772256538,16448.82225557172
1.0139650940799376,2.1668307445717803,3.6852909744782116,51.635636113603226,1.09224231420876,3.2624861830509344,0.5455945447161019,1.0754834991739433,3323.348285057574,0.3421343430469883,0.619921836760371,0.006908191558779991,0.995709031620148,7219.027078773519,1.8767807652571362,2.8033294560932758,0.03403087173208411,0.0006677179257889932,0.047859517448870556,11.274969521349284,5163.732061144285,1.047278061026308,0.052704905097615634,8305.613625840762,3.820632291694955,14857.508819396038
0.9327206595376275,2.199868529982534,3.6675151115138593,46.85439796582568,1.041860724114137,3.722993954021601,0.5192473028534261,1.0734773973475193,3126.6649980276748,0.342617783629952,0.6674156545324068,0.007472385905957297,0.9771739459806489,7321.695267247011,1.8286774914531871,3.0123728684494417,0.03651007028621381,0.0006292379058997865,0.046410686135394806,10.908445612799905,5272.180959905608,0.9942066403917662,0.05313907359225588,7519.329463546392,3.4500189815247233,16684.109277696713
1.0295755678776015,2.077398972820339,3.612246468693289,51.475033632663134,1.03626006119911,3.2307059165738097,0.5580153557995557,1.2006293136376633,3194.6921577412263,0.3215702236625566,0.6725467382685187,0.007371214209096455,0.9602776567110509,7453.297453419199,1.7450834228845384,3.00216449011244,0.03603293895782479,0.000622267617982521,0.04217540967785649,10.643111475644636,4932.078648370148,1.0180021030746875,0.053748819398159606,8097.4659325697,3.6897152802451094,15494.075580732851
1.0231222341711355,2.1124993550433024,3.4506997298899424,48.620720711299825,1.0768310316423757,3.6642269076870067,0.568446723829658,1.104865799956632,3371.904759713254,0.36834279774282014,0.6943280729013459,0.007348958906960634,0.9456578235507771,7466.247740438893,1.8217261362862673,2.9580266684171734,0.03524209033701247,0.0006207661615743109,0.04599402308033545,10.741343850071019,4757.420297082648,1.049383504142973,0.04956308183754707,7315.325094164689,3.785060262591836,16129.4397380173
1.0182789482672188,1.9998766358915112,3.635183626205624,52.744780577400626,1.0819353687410111,3.4093129192632823,0.5292486858159946,1.188233757118983,3116.529398344225,0.3243912946209593,0.657882047629623,0.00710349383634241,1.0524987256772036,7627.055923149376,1.9839142456755159,2.6872731676923887,0.032531812361923054,0.0006276586181762924,0.04244779415948462,10.616941208994241,5387.363123988702,0.9804928514505393,0.05248180581703083,8398.921553221197,3.3412748912003702,16580.258701215098
0.9740201749042263,2.1214154349270267,3.729276244934983,48.021758832875605,1.082692474617332,3.4057498993812354,0.49764213561039533,1.2129569797817243,3118.6011248337563,0.36224893839131894,0.6032606340620553,0.0067056189403638215,0.9324062999972196,7872.479126356093,1.8835330111950384,2.7337179873185087,0.034862984549272336,0.0006462565875853579,0.04759832186163375,11.32420501678034,5071.358436090235,1.0641188648992812,0.04649698397551737,8002.208616507224,3.3206031457998697,14869.073324083198
0.9595858891537158,2.1241540086292945,3.5007649808168733,47.12189598268916,0.9496758718477518,3.4717932244386875,0.5364088763774135,1.1201745995720938,3210.3971072054646,0.3395332315749937,0.6878733818465291,0.0066631510554991755,0.9848776306115012,7325.196206091774,1.914135392449981,2.767534343251291,0.03414917920219597,0.0006488943434115283,0.04568822985295505,11.559230181511632,5343.290299089544,0.9719602368444678,0.05022095815524099,8389.714130637154,3.8344582326435113,16734.76325453094
1.0360697841121178,1.9564087775609817,3.8461797602033005,50.249496702971186,0.9603303141418329,3.6488001900223197,0.49628584591497715,1.1914028176243128,3436.54969797625,0.33295218842976126,0.6700487405394092,0.007003987920844315,1.0048503422160513,7361.5666578232795,1.952614690942761,2.912058353058881,0.03617748588934295,0.0006723152084975385,0.04848471959797104,11.516832880884888,5461.78507922312,1.0139473839477515,0.047300852806049766,8056.554038352218,3.50903224282393,16572.397467246185
1.0405059401659569,2.247777848838755,3.7366026922588853,50.53772975309005,1.0606091913760556,3.3870904189056104,0.5175862522575847,1.092975640268525,3375.2769280528883,0.3461224490452448,0.6376250870778241,0.007043951492178486,0.9921335268910183,7308.764024255466,1.9847498157296777,2.7177386476040595,0.034780895998424675,0.0006669818363934475,0.04310362394440554,11.587837918873262,5393.544941281706,1.019678514271315,0.05044070854536474,8039.07405990849,3.7381891262906084,15859.183102937239
1.0520788845761042,2.2286567891677587,3.3826865867226776,50.31871588972285,0.954590281226222,3.5455369303199515,0.5106236961554725,1.081269361532539,3110.871332950126,0.3651110602724706,0.6607452972724236,0.0075125280918464194,0.9269207273297357,7295.16126766035,1.7641305378626755,2.645061572566114,0.03420062032880088,0.00067578927613452,0.047983504665172386,11.112681600220021,4993.755608296297,1.0084883257886197,0.053291561896060304,7619.315157051723,3.385920512856985,16129.389085933784
0.9489575545712234,2.120514640438211,3.448301470075279,50.35947328718923,1.06747522768251,3.386265711802984,0.5444373235354283,1.054857223919597,3308.8375795019083,0.33104418973037786,0.6061554961336416,0.00691350150254203,1.0720493965462654,7036.847116740177,1.997779775536574,2.641777615061672,0.03438412389321181,0.0006477618410437142,0.042051987173932985,11.464342399155289,5434.113024925247,1.0574942715741027,0.047822968348924494,8419.523822538273,3.7794580103990834,15290.950183297093
1.066993298056485,2.1731139586317902,3.7306023447758467,47.19201891879239,1.0799044904092032,3.272769843294385,0.4954420676318212,1.2114123644132286,3506.7217036209145,0.3390389177565984,0.6368325387976053,0.006719138714186692,1.0256759600191125,7731.921165318487,1.8600396262816687,2.854069448833175,0.036002677958535526,0.0006108397046946282,0.04229294086081334,11.239662644310776,5507.727242680169,1.005699494770245,0.051354411518521464,8068.667850825401,3.576302987758652,14939.275430741654
0.9857532295672021,2.23230654493825,3.4671101733990053,50.53977827286554,0.9768479606922601,3.5519828596147613,0.5333739880572684,1.0738897104160952,3298.684441849641,0.34061538541648684,0.6394802589694301,0.006843947104108626,1.0124143544962763,7044.8274850660555,1.8996012284180663,2.864291749031269,0.03743050562322258,0.0006659085165973985,0.04758274688350854,11.597757034357004,5067.851613120818,0.9402167414729995,0.046884110786338584,8190.696171070638,3.342810166091087,14794.550249583897
1.0166758119810815,2.235081483682895,3.6370549166326462,51.905117107751906,1.067226511754722,3.5354631341456466,0.5627836242860115,1.0728909719602695,3285.4181697426925,0.3483482490979946,0.6374374280428984,0.007138016952247176,0.9730678513012077,7014.875613557571,1.907546184796228,2.842415369871031,0.03656232290274855,0.000652670703440116,0.04295024787852681,11.05158165376309,5372.197977779933,0.9747732707545653,0.04933364730175708,7458.933275072293,3.4748462597349197,14612.054010950076
1.0089461772224333,2.099194535236418,3.5137579766608256,52.567013474195136,1.0431473364822172,3.5092657458572276,0.5406800502076407,1.0581847217910219,3172.6940751870316,0.3679843958946031,0.653676879337152,0.007092340843234246,1.0285565513152553,7848.465203949978,1.7937524444561537,2.6944726386061673,0.036658383693190286,0.0006561925700695361,0.04792789402177875,10.12373725775257,4772.39987004541,0.9532622426381012,0.04983776416598905,7628.002677993267,3.4521279196194747,16679.221048087507
0.9658881593444425,2.0963503261896355,3.523175947552094,52.81311101484285,0.9550683927886975,3.391435451661648,0.5249627555705058,1.0636249183487407,3396.773993067908,0.34273106278832494,0.682365784127684,0.006980009284474422,1.0546311213196677,8012.6532243960155,1.9424477063234165,2.8472518312227217,0.034177786104627364,0.0006336761620238606,0.04297516742973129,11.14118394335304,5000.373746015225,1.0558024305008489,0.052411986455638424,8463.358287132605,3.588885818262647,15530.918725014362
1.0558173095090646,2.0577182815573036,3.8549721406066926,47.779610138795135,1.0562859417980457,3.7354185630173267,0.5442344841455717,1.1178361133404195,3479.903013639777,0.36153174303767327,0.683286126459621,0.006808584208551431,0.9726955572429932,6947.148512516183,1.7746375367914442,2.8954663468843096,0.03291954975564729,0.000610144216424539,0.0420830675775068,11.430166524978215,5422.877291516437,0.9327226851535153,0.05269441497898383,7883.033024734043,3.4413491037706505,15574.332974423529
1.0455211903963724,2.0660716995582282,3.407046814927081,47.679967306412564,1.0720277257778479,3.6900553179992954,0.5199450374272181,1.0890079356553544,3091.309914962945,0.35991456796033783,0.6695969907711178,0.00722541581295468,0.928515330580491,6974.619344201337,1.9893753704817105,2.938647610275961,0.037492923806305714,0.0006108208611064115,0.04475529032658384,10.685016318352545,5431.058549368046,1.0180263088793853,0.050968171941896234,7723.123677605585,3.7460792121847235,14772.288330766403
1.0114279916859967,2.051355092627845,3.550261196318787,50.90415081414406,1.042715166960342,3.6565893752169623,0.5672796716387856,1.1640391798405703,3363.467967471515,0.35127737217411587,0.6701240772073533,0.007081482911011151,0.9690014437521189,7505.991172681049,1.8331952540672747,3.0422769911407452,0.03251381882181905,0.0006211852108542623,0.04373005736260644,10.827069857049302,4989.860498418026,0.9473292212545965,0.046729409342981094,7807.911933803413,3.4954627737733586,16529.64953896876
1.0174328380326734,2.238411975262162,3.6747027735532343,48.36925901589605,1.0819914472238603,3.4267573826783977,0.5282308733032246,1.1232640336239401,3292.8430878481086,0.32118888680749386,0.6627811217740172,0.007143869401689944,0.9269717700543082,7938.285582505834,2.0045851939822388,2.9965989350176456,0.03459736348012657,0.0006329735716300243,0.04273681959952216,10.246128341405207,5367.756327018382,1.0255144552650814,0.05310911198104831,7653.673250005681,3.6112415822631605,15154.326993057453
1.0308729373886423,2.0958536969818096,3.6695810988189232,51.7218915082247,1.0232506267122252,3.324490605815584,0.49661345665178425,1.135997717837949,3546.8848082084533,0.3284666811064515,0.6134942257112017,0.007476449985333473,1.0260001395009541,7496.307447779086,1.7621396536421723,2.952867839832504,0.03279065718048072,0.0006546251485433373,0.04324148610472591,11.256683470268175,5122.422176622465,0.9536686602300316,0.049291225214807624,7438.963731963722,3.4841425763172165,14917.989964351555
0.9801865443627451,1.9890682581988384,3.820528980869046,49.22604672342972,0.954994831501532,3.51155224589241,0.4968137383916658,1.2137767878663266,3216.641676055683,0.3254068837466047,0.651309037553103,0.007274814219548483,0.9787102929601883,7139.528552908969,1.7579973080476197,2.839114951924464,0.03668784230051477,0.0006535577863252577,0.04642599953477983,10.255469510044257,5056.810225670595,0.9676936871183802,0.05052389743592872,7727.097396619495,3.6232585961955657,15066.477566057034
0.9737243317292236,2.1806663267451682,3.762604077564889,46.7227686436349,1.0961099578764846,3.5262953360110774,0.5224304525509099,1.0787152681115002,3132.9256811491186,0.3578795454188509,0.6268276573019343,0.006813612443680443,1.0252497974011572,6968.738197294397,1.963749614753035,2.7817347258931564,0.03755149479794373,0.0006698404641081111,0.04718217479600969,10.64111255513086,5378.139845757109,0.9689223547890415,0.05140309472620477,8019.209193494508,3.427695635032652,15473.305770727262
1.0396139166594465,2.19638286085732,3.831891330515324,47.009542576539914,1.019779398157371,3.320541588497311,0.5600767041110314,1.1599008528357713,3435.069738329735,0.321564571322018,0.6089174368969611,0.007032230796897418,1.0461586577451216,7755.269086399723,1.7842578639927333,3.0467053401405124,0.03256256666076461,0.0006760669021275894,0.04649011113605459,11.526400100810083,4838.754090116854,0.9607822819688164,0.05071519561445142,8308.400623238507,3.6382099701003616,14579.425466857738
0.9889201357189944,2.150994103527705,3.580530583344476,53.27721994984974,0.9441220485372992,3.458102036408565,0.510440764410044,1.188746232865569,3091.157741562106,0.3281209849345939,0.6215901507242381,0.007466090497733503,0.9925325539814471,7955.086742887192,2.0161362024252334,2.7299847494659977,0.03618119623702597,0.0006413933172426509,0.044148050342678935,11.126597939039758,5215.532676579977,1.0603903342214034,0.05149986059108791,8293.80740290295,3.361924397752725,14648.513689784326
0.9275832965420616,1.9704198394583077,3.629333388256244,48.43599444636325,0.988715150819144,3.417186496268093,0.5512370250933429,1.1584513004981705,3130.0837182192663,0.36479657012985167,0.6583420081573471,0.007294899979572609,0.9751771609156481,8040.161289359808,1.9894712953181775,2.870128687355359,0.03308717820947872,0.0006503681103264507,0.044719654417539785,10.048459595120015,4976.802189094907,0.971443407139726,0.05080417652811396,7723.88396607268,3.757165910269498,15608.877607141783
1.0370360585097593,2.1791547867573895,3.510491625053058,49.40160052419766,0.963058332350537,3.3044642847687893,0.5696879651862257,1.1473611248915994,3351.0904206397786,0.3632042134220368,0.6291604596259833,0.007426638359978909,0.9311602975167674,7172.448956605988,1.816187175129721,2.8885651832300994,0.036072374899707146,0.0006681054406973883,0.04452002353458021,10.593967667174978,5059.978326490411,1.0698508284726271,0.05260796594852633,7909.812821860458,3.5031750341226866,15979.544963414843
1.0279660097729402,2.0671342119293077,3.424998742174798,52.22781185670331,1.0770660663661302,3.52570552462843,0.49287101921761334,1.1801344805540155,3489.673485807933,0.32624468600702566,0.6839163653810867,0.007179876128121405,1.0655210019171344,7725.571325534475,1.7404296358098919,2.6440588700466576,0.03240549454098469,0.0006080164270107623,0.046815129463222624,11.037210434399308,5284.0972262220275,0.9702829041969168,0.051358035690991656,7481.06011368522,3.4830716460706093,14856.645189726998
1.045698333788119,1.9525383083748036,3.8926452420343294,52.88333148980636,0.9905986409226006,3.545207973997586,0.5270925848029818,1.0642260661499,3181.4348551420317,0.3207640900016932,0.6791118818877027,0.006625199985931829,0.9419061007053172,7109.626720608237,1.8204087426790398,2.753744450129626,0.03408631530914296,0.000612994938168586,0.04766433993319932,11.099852920183707,5458.511716117241,0.9874448006815915,0.04646256782248861,7712.336426460352,3.8073222102619573,15254.988407150231
1.0434234636583446,2.0555579892426574,3.5471196703207424,48.219873845364255,1.0942775733931107,3.2913871978192577,0.5442138436000622,1.0700402282688732,3407.084288536864,0.35406276063838255,0.612789773791646,0.007151895035812768,0.972036815931427,7381.894395431903,2.0111471585980927,2.7693958442716617,0.034605048747291436,0.0006287947428326331,0.042786838222573495,10.489690246171254,5296.004755742233,1.0528592706510769,0.05351769025547008,7569.569711331967,3.4903282045977053,14509.944787172397
0.9919846004534815,2.1632679538872748,3.711504001829205,51.11783265151315,1.0649018408775226,3.644714845604918,0.5096819520271814,1.1827830003937845,3465.5545366215083,0.3660673060058791,0.6498117550340934,0.006951514247529525,0.9671513766253241,6971.421819168569,1.8053009142676137,2.702759915675413,0.03529732931538389,0.0005951905572260556,0.04773973872212006,10.632435944041163,4807.202509532793,1.0383169691493057,0.05232580236083939,7802.3672431544765,3.378802832276114,14603.436003623981
1.0646670230274373,2.2285970923371563,3.8005707541941964,47.29824994351631,1.0360730132555145,3.2784911629014872,0.5243906863199466,1.072263473595078,3374.6044384754055,0.3315361455234026,0.6232591352769163,0.006682506112360574,0.9625723899336888,7154.742829247946,1.790057415796957,2.8447416570590174,0.036942870866333063,0.000626805340540119,0.04862387708541624,11.388406265782509,5375.292305329156,0.9721623771505179,0.05262784582470343,7745.813447177379,3.5772314054913075,15689.338850481116
0.9779459184697409,2.2327806183238215,3.753365004834292,48.00022515375491,1.0650759569488621,3.5208646243018173,0.5651267787833343,1.080589379294054,3495.7109120246864,0.34835191996531234,0.6366590206693581,0.006765186489486017,0.9614910394985703,7098.953414910381,1.9921381830318188,2.785730157435445,0.0350210164519507,0.0006437984275983365,0.04192233758813237,11.248061403248585,5264.791484406193,1.0518529226125348,0.05029153670747738,8310.117327026737,3.3119904525540877,14525.34094051276
0.9414124173687111,2.0287951010214886,3.7889321080884435,49.61032410283506,1.0509727716110548,3.4594584480098534,0.5381785465280949,1.0913597807934388,3519.8992719097123,0.3558213779916227,0.636357854878654,0.007438474988219772,0.9568633529878754,7742.323870570854,1.941809570192885,2.6737733381632207,0.03489085631895991,0.000622016691642386,0.04678039952076392,10.870277325447507,5097.770645832893,0.9654967485729835,0.04685857819036224,7379.059805018724,3.707093247821658,14984.70161766782
1.0240601478294982,2.1849508579732846,3.60986049632597,46.940601132667425,0.9702427206921345,3.575434994993492,0.505759590322419,1.160345160147319,3104.30247846358,0.3640948248209272,0.6770489391664575,0.00699852041441273,1.0484332101942204,7741.22977033121,1.8704384176793347,2.8144699686558443,0.0336572451959847,0.0006765644920974284,0.04633503748552227,11.646930645346142,5089.963351356909,0.9473954195478489,0.051322760522045464,7886.007431775857,3.3339144921353387,15138.193356747768
0.954557505423581,2.2350148461687667,3.808186881954246,47.883400118906664,1.040641860125179,3.5016577525347032,0.5425304815254395,1.165396345025359,3197.1011951838236,0.32637255756867045,0.6346970964717391,0.0069275853126339985,1.074599434021641,7191.791179448355,1.783902863340182,3.04467750799067,0.0335250402239323,0.0006527894169883134,0.0433728467397136,10.535821834685354,5248.09119169418,1.0655623877511418,0.05042972690125665,8255.601398867233,3.759012791833486,15560.212750134939
0.9542895817257904,1.952565786522332,3.470944624625158,49.971454936511236,1.0785999377461246,3.732798854593751,0.49772027447033207,1.0634859473061187,3253.8577974804557,0.3265344556380251,0.6680362322354968,0.007251403302096901,0.9575869971904896,7745.4742627656215,1.8648799228699258,2.804027442779248,0.034346161911978056,0.0006078444195036293,0.04839009300955118,11.071964667463972,4923.890857704091,1.0208705594468186,0.05100751227713533,7938.088280388067,3.3926202565307153,16132.813940512826
0.9260076296042196,2.109396000596483,3.702281311616483,47.80292403778181,1.0057305129114478,3.5809663117470896,0.5426778950203348,1.1464600489277006,3291.325399941421,0.3346303265214239,0.6973929620646517,0.0073106090463900646,1.0217594115828534,7474.703618862343,1.8817889487072725,2.9737299465507627,0.037533455532319696,0.0006810145140963687,0.04555610091644787,11.280550774496103,4922.156409053425,1.05045465572143,0.04711682740261904,7802.551449751905,3.539455512900388,15715.50337550673
0.9792515852411212,2.1155819637766373,3.813462223729772,47.951792372309384,0.9470233596625088,3.358822995090601,0.562067555975832,1.1729861056844912,3506.72595232988,0.33341416026314574,0.659801593980773,0.0065261205360717086,1.047344738137044,7243.896878211436,1.9128085769651628,2.66248036362918,0.03284573578732991,0.000653050332898215,0.042186170682561676,10.539228643858724,4987.5218284973425,0.9457996667345436,0.05299056959799636,8086.844569384613,3.6521244135462823,15146.8292982919
0.9587367187222162,2.0831599333876767,3.7855135574430916,51.40870855807494,1.0423908072037444,3.529886243697604,0.5269317476061264,1.194527225793758,3303.5171372207114,0.3413204422103183,0.6611082272023521,0.007308807851804102,0.9397961366007375,7797.400788889272,1.8970215626376628,3.0406555542427918,0.03687552124912741,0.0006457165956768855,0.04705637621740488,10.538591646175576,4813.728447082388,1.0358469343064023,0.050609776999987074,7783.833410190327,3.3718964994200897,15093.275391328989
1.003570005852552,1.9743156098728312,3.4574162791427367,49.50449113142107,0.9847863572913742,3.3409557803333456,0.49147362775808817,1.1722541334818741,3402.9142729843797,0.34616395851643617,0.6026201693262613,0.006827413122100551,0.9675647091046402,7429.773498584178,1.761795314393728,2.9406793978098147,0.03262966474062508,0.0006262939939903817,0.043236943250713825,11.458191644332459,5319.739970210043,0.9288368583425,0.04946688459136851,8112.671588850903,3.3214297120341723,16586.620982137058
0.9365305717962935,2.100284644669327,3.7613382348165056,52.979129259814606,1.0328837242620081,3.5768862240233465,0.5271852850035323,1.1221973207524183,3384.4905352223805,0.33797435478135723,0.6902729741367324,0.007518273278134941,0.9664610394036869,8055.216748954557,1.9390340354026794,2.997318524817924,0.03738904692902746,0.0006101395126670812,0.04355908901131131,10.335687396388208,5411.171932956468,1.0329276993476117,0.052636989704386315,8448.560488552288,3.77461632773792,15355.675120263106
1.0261877479194679,2.2525492293732166,3.3697297640172734,52.43243341090903,1.0581411442931237,3.6840087812113675,0.5571107179148627,1.1004579816429985,3218.771835707706,0.343227527382587,0.6855130897513422,0.006781402919390076,0.9660478780144952,7487.841256520614,1.9353289912882248,2.7995320648145903,0.03687728470145716,0.000605205055854029,0.04256527253899403,11.321503357034608,5275.837688974539,0.9379921712885768,0.05198959186908496,7682.4024253351445,3.75777870718712,15040.877165845073
1.0242401870608513,1.9566756747714855,3.5328236175624514,48.21986116481063,1.0111112215810596,3.4215692824583464,0.5411708592587272,1.1320767123237705,3426.6454853164496,0.3457006059755262,0.6782724381065937,0.006834913733907839,1.0003771390627265,7581.008031382591,1.796019608591276,2.9440410404910335,0.03293355869198958,0.0006506605823733712,0.04530768813173562,11.108366539398322,4818.817304735023,0.9880950396101553,0.05305994959842091,8332.7956723513,3.7411856760853777,15143.009004041476
1.0119350182587281,1.9958070605017706,3.872621116218083,53.46035794764019,1.0232203811261,3.2490246253818515,0.5302855220438277,1.0654798392720148,3456.3509202660553,0.3484123213640166,0.6247400538910722,0.006604948396646493,1.0033321320552981,7141.541535757369,1.9178189570910211,2.9141815904107222,0.03697891202987464,0.0006241914429989115,0.047082215167411026,10.250711650754884,5351.686768751674,0.9540905223196843,0.05297241206194547,7519.691581955951,3.743237371759133,15661.615276854282
0.9270165993355615,2.0343871655695103,3.7517351589896846,49.59421325868414,0.9729717141126788,3.43866217530714,0.4941188841126441,1.1061515443753898,3212.2517329314633,0.35883086648372076,0.6535285067777086,0.006682661214881518,0.99554615442534,7501.731711450336,1.9714840066924837,2.878704640125,0.034337656519988824,0.0006168643431293634,0.04391175620748501,11.182562362367875,5184.853445171497,1.0670005737843926,0.053457730977522176,7339.406843143657,3.5406363780034336,15462.76367106401
1.0521835793858343,2.1617140610684733,3.8437684212976024,50.375474274742615,0.9852534301196656,3.375123067770365,0.5356479747996251,1.1362716921519636,3159.95208779948,0.32788810214403813,0.612879691140449,0.0072024334201204404,0.9667652846330763,7046.817350065676,1.8836666218278646,3.04309641250837,0.03278875614192672,0.0006029431514064704,0.04383335549382823,11.34010845747633,5079.725878411609,1.0494846183907613,0.047408839221597,7807.237637210283,3.6435729514898134,16307.040240796754
1.055079847875184,2.0554789616412625,3.3668821781848,49.67419745564231,1.0180945586815853,3.3411389765957464,0.5179434089577595,1.0962251072190698,3242.3738291603304,0.3313022476357859,0.6548583100984372,0.007235141173696339,1.0192244896641829,7351.6033473572425,1.9636631446310628,2.9163468015166187,0.03387327398150994,0.0006145218952819128,0.04321848665182833,11.462691958069497,5327.351428260603,1.0597762380554137,0.05323049245000394,8296.69366450112,3.5557407694947516,16372.00481088981
1.0526878819925363,2.0414885481082807,3.379993744639709,51.861399021281585,0.946660503354882,3.6001263685699074,0.5659118786574255,1.0604100182077474,3351.4079845851093,0.35900374302739047,0.6854279057651153,0.006672074078195721,1.0275367528270019,7661.819877029384,1.9303634775349185,2.863802464898766,0.03480855601370339,0.0006357467923854424,0.04559214346552801,11.548631255237636,5299.451977276781,1.0650643925442962,0.04829091719280758,8220.928825363531,3.6388201768079864,16526.531310301878
0.9437723588592157,2.0267987126523543,3.3802189935613973,51.50549084857801,1.0648236668408222,3.646852748439203,0.5218037446720807,1.1040062014411294,3559.5273870456163,0.3608341319739044,0.6697397176631565,0.0070606018219692,0.9437507582426026,7111.748987314939,1.8371198313078931,2.7809336571371825,0.03704968788542374,0.0006420870904943844,0.04746282913135456,11.071126674766036,4902.302981048071,0.9588857167081344,0.05205109550338499,7441.257711519377,3.6607549404943964,16517.821756635072
0.990744056923754,2.1986954141612562,3.4402181320377507,52.84961880255484,0.9483110589275789,3.6871705254160543,0.5583527473812727,1.1790651257585965,3424.2034327303763,0.355821939007372,0.6952470357141466,0.006771816996655997,0.9738019462257168,7491.224267714635,1.8075887643060637,2.886831988318774,0.03732959971187866,0.000639066566468671,0.04432748519529653,10.198760134793915,5452.461731115827,0.9648749502519394,0.05059275156769859,7548.6135780153145,3.6369946985771033,15533.731702672805
0.9376794945439927,2.212513892090107,3.596890144813891,48.965390276438455,0.979637890354566,3.46744238256482,0.5434016771038548,1.1134722855661467,3130.2487876151563,0.3484036475796444,0.669590653805872,0.0071231867501839775,0.9438200001068688,7028.949124505593,1.925854470762355,2.6985223320213545,0.03614170429291215,0.0006175942985960339,0.04867995735873218,11.165470528954673,5352.858010817954,1.0367308070729242,0.05125023142455105,8354.007960534163,3.8312589976248055,15659.866267538597
0.952058486287054,2.230057283758013,3.461768500990163,50.05701323803946,1.0416708230809149,3.3555982623504246,0.5432115609804937,1.2231704895505748,3440.9752066845294,0.33707771651353563,0.6635728572348656,0.007352861414312441,0.9470320783260543,7816.481731947715,1.9072761616766387,2.772013973100215,0.033943214251185405,0.0006479077184684789,0.04529604156298192,11.14773675391419,4939.901117632521,1.0615817144595852,0.04888829352046749,7695.611042849472,3.629678573609539,15596.110207303544
0.953986809892475,2.25355737703096,3.801989499439482,49.411100409496164,1.0544362983931173,3.617512996793451,0.5080909008838685,1.1489227359494198,3415.3178996348765,0.35804620005337484,0.6150917162670965,0.00691838698927683,0.9506752942608765,7785.324597405398,1.7377993929788265,2.701793378694933,0.03342459128384252,0.0006409528039075385,0.04422810266932108,11.24827782629173,5260.468341958324,0.9308782706252112,0.05055994080380676,8374.940530859207,3.707594291124713,14717.81705470123
0.9648366332547956,2.141528652921069,3.4476509255240955,47.70946088854763,1.0240965857551225,3.4570495564143107,0.5427650962406768,1.1142017095297143,3526.9925346853784,0.32393787079048886,0.6488184319761359,0.007397804435605424,1.0256117099822653,7325.347417429295,1.9853522160391577,2.913618176132115,0.03258480808427038,0.0006703287259737717,0.04862041335104967,11.42041415699715,5086.791048177056,0.9753150860556569,0.05162162564604231,7779.257965472254,3.4392985804928284,15121.564761949052
1.056313707937884,2.24773422698776,3.40070502266315,51.0821572733531,1.0145939431133402,3.4600411663344675,0.5189781385716239,1.0664021188010666,3480.8865336644344,0.3641565079230109,0.6130060280178099,0.007482720447184165,1.0282727875186435,7649.558000755236,1.9755577764620065,2.6922107797617203,0.03380602158095833,0.0006675490098226078,0.04403126351014788,10.51620832115371,5269.367103657954,0.997581371352515,0.05050399453613043,7613.777397922824,3.5615173543551917,15638.580422040834
0.9422087338024844,1.9759692824779707,3.716292606108108,47.33442816498939,0.9864899642755585,3.604362991167424,0.5526809337922971,1.1911513109096445,3450.720679164724,0.3550377437576696,0.670545369400401,0.007479116480173464,1.0192489064399237,7046.923281444387,1.9581495440674261,2.7351281269403147,0.03319731139835092,0.0006282180956178067,0.04346435622646594,10.888232279413334,4972.193753829405,1.013793775409666,0.0500723936972733,7995.17565678183,3.6151892562816905,15731.750461266067
0.9370518779776084,1.9964979443078512,3.594593348629352,52.28797720017384,0.9539293171828453,3.2763715406665144,0.49199974256754253,1.1256515617269538,3413.4028686014944,0.3346173765106152,0.6534735113200766,0.007078205060787143,0.9439011950303774,7933.707264551635,1.8403025975875853,2.6508463970714473,0.033385244210869976,0.0006632106609247443,0.04838443941434752,10.548149837831385,5035.10270049428,0.9734605155453455,0.046745224301672564,7920.44533015241,3.313663422296365,15513.704199777932
0.9390941772808172,2.0917877098161375,3.387272773661138,46.7212063226657,1.0932408672653442,3.495418162439371,0.5167718144848384,1.1435265221709465,3538.0562921382834,0.35376693254238406,0.6111830850263382,0.007423842277577464,1.0606347856513139,7762.00559178876,1.8078291050241186,2.833499832478588,0.03306101039157356,0.0006350750795456779,0.046386284736096135,10.13862130780361,4921.547683228779,0.932718532428806,0.053705045011752314,7799.935028245014,3.704853060780874,14834.428134615478
0.9295587404867158,2.065331435029666,3.8305551031938854,48.57035211039444,0.9776605192579837,3.5551394353478223,0.4935791254437475,1.0558197085894727,3323.0054936083607,0.36393836075535035,0.6438816611428717,0.007392396314778065,1.0456649324968494,7489.288627081683,1.8593431911091651,2.692953421579871,0.032431220952315744,0.0005924119972823956,0.042278482628244386,10.956114295267348,4831.501968124387,1.0301679053103436,0.04817335406719184,7359.807868748856,3.4991960679554928,16483.291582788865
0.9621705637081078,2.0496519872706087,3.613078431305081,48.012766611277414,0.960258294141447,3.448445718344395,0.5669448625734199,1.093494171295915,3127.7747877240085,0.32648975233062716,0.6263388395920976,0.007459125620175905,0.9302398460039221,8027.39677114855,1.8604801823247448,2.8139241147331644,0.035904336412281364,0.0006620541088885774,0.04411687737273194,10.926994086403512,5372.922560665792,0.9853372403956375,0.051409865843786755,7553.62100741695,3.7088340307732786,15992.331310055644
0.9429706585982214,2.0389336089767203,3.867670023654486,52.219699173523225,1.0696338095085307,3.3605936327271646,0.560441095024193,1.1275514171793055,3413.8456887622997,0.3436423817065853,0.6847798782606977,0.007486214548511658,0.9698565043886578,8040.041575383055,1.7457167350758096,3.001737325247074,0.03574555605404148,0.0006425583969687061,0.044886224338404626,10.48657825998666,5142.206101996718,1.004916457846427,0.04997925579018464,7489.388798937876,3.742067238202647,15623.203540096696
1.0281808198353826,2.2000786658826064,3.8611342872810854,48.811840303443546,0.9865091919918755,3.2365358592060782,0.5650359802366843,1.1455815838459158,3417.0467828414307,0.3296804679758836,0.666322481646898,0.0065647422223367325,0.92643728288267,7426.722709504869,1.9492194368385487,2.7866077516724324,0.03606555836005923,0.0006584356088762025,0.042510996943926245,10.113695996661372,5447.395949793586,1.0166486565573392,0.04868521048111905,7416.957483775658,3.7822749242104443,15325.340205893302
0.9366638618009795,1.9837371923961062,3.5463436846212013,50.06871885994171,1.0611205334096805,3.729918044542193,0.5434254374674683,1.2021114901638612,3440.9274343157754,0.32311499105099417,0.6872519472940994,0.0073702952756798355,1.0430239641669734,7873.604064737099,1.8118080178119547,3.037095698439068,0.03272035969970483,0.0006653966613134994,0.04596331680932797,10.94075270018357,5225.212879817618,0.9727370619665543,0.049936147243060024,8188.778832135633,3.7271850628269743,15792.814467440936
0.9809956622494337,2.1916663266481047,3.6808378442726783,49.85157599461611,1.044035305329925,3.410322058944203,0.512967620309561,1.0858346835261332,3108.203836853806,0.35365960595419976,0.6583160535932535,0.007075533618310188,1.0566245049093266,6947.644882756893,1.8944285767944629,2.943129240122161,0.03607987720131016,0.000592806364457438,0.04431621699927616,11.47328016979961,4838.5544096467565,1.068930134339642,0.0474377911374137,8040.989031575827,3.4285324999962175,16312.450006336861
1.0060021271143484,2.194834340310893,3.4333812299673054,51.718541834516444,1.059339793386665,3.6944144593876134,0.5512788545470826,1.2126643196472904,3312.6489692171376,0.33654194821305894,0.6356174641543889,0.007002918931936854,0.9789558575927438,7361.582094241778,1.9345746959509653,2.9723599386736117,0.0345252640889294,0.0006006320275156636,0.04418009861747362,10.487203605025652,5040.459903016183,1.0200957571468943,0.048371779018086127,7571.302538126826,3.6325879330051714,14672.191764434188
0.9342301316173696,1.9937052846922882,3.8836416825201105,49.03023074811662,0.9973714769254525,3.4544153729059563,0.5391280389683123,1.0646524585885593,3426.2520693309034,0.3305058190009379,0.6889636372521849,0.00714463383787869,0.9511198492602736,7075.886679147845,1.9109548673352572,2.677799277693102,0.036497271729089314,0.0006393007036663506,0.046791238546140715,10.733266874539986,5087.775499422785,1.0551126955382872,0.0525589059357333,7656.883585214293,3.5960276305592727,15044.612580256195
0.9416088552938153,2.1402980185176568,3.5512227171273842,50.97279585171401,0.9513707613879265,3.3155133404117647,0.5448101138972836,1.1462814028387858,3160.9913901326254,0.33712526647860125,0.6954193885512471,0.006772579145118692,0.9642842892802661,6938.447820678119,1.8794974186365483,2.7228363280649406,0.03352623670880582,0.0006279952132357933,0.04457210862726576,11.238564990190024,5141.368806424194,1.0213687569251049,0.052107947855373545,7973.262906951729,3.378400537001262,15626.819454746683
1.0537205256918898,2.088981131951204,3.789417396787421,49.07690392249292,1.0465161550657138,3.238043790278768,0.5447333923526855,1.0940930801195938,3130.496253836084,0.3295891898174791,0.6573992376623181,0.0070954107326314944,0.9667269458770147,7273.92138001062,1.8443430744274694,2.7348331672597745,0.03398705755543103,0.0006015006824112532,0.04826875750901365,10.404073439989384,4885.59336857216,1.0264159938721704,0.04765986927843574,8334.668625816148,3.841029977260257,16055.71007520974
1.0398713068119307,1.9591298399060437,3.3923647370525702,52.24842833772254,1.0395280851261293,3.520960263851566,0.5213975263905778,1.065077233406551,3182.156590185401,0.3368933353077963,0.6952929149418566,0.007409261565148789,0.9670478657428774,7196.1495309378315,1.7594558443861072,2.676036784330721,0.03502881175045904,0.0006700340419939411,0.04321863428130778,11.631662868199598,5104.705167231375,0.9844818237725012,0.04930884244021401,8220.202642515475,3.8203306697720754,14934.87721009565
0.9796596862939413,2.2375207371589005,3.6870979889157627,53.26008904829879,0.9505241150772832,3.534256766633166,0.5223346244660426,1.0696699414467177,3228.606286702583,0.3446833493810798,0.633884979093003,0.006587580229969916,0.9435517585308177,7684.246773998524,1.910790183051711,2.8781565755043337,0.034576465553227353,0.0006144549256112845,0.048592386523730796,11.379982463603817,5444.989135504273,0.9849110590597652,0.050921608664775284,8148.300214308645,3.3338124558991677,15136.463861960872
1.027549012124549,2.1790890868154182,3.541062838879139,48.05426847653513,1.0524345568663622,3.694464010923075,0.5404825611755532,1.1097204513324448,3434.045485112139,0.325907504626246,0.633111228133266,0.007273619427467237,1.04508341333759,7350.261389902486,1.848731315342474,2.666771291488781,0.03352157038319787,0.0006508441827002306,0.04662326003549182,10.377389403916018,4946.547932719352,1.0437279371850043,0.052559458462099945,7695.034001198741,3.39396122099023,16162.933899892298
1.0346277610246073,2.0424616637431683,3.8391326592717316,49.35772236055521,0.9802656725357455,3.515989916046145,0.5065805992363817,1.1472087281183136,3133.292308410542,0.3673907795216226,0.6266155658242941,0.006519894925350121,1.0093516515055447,7591.381365582009,2.013350406878447,2.7082182640690844,0.035477617477611384,0.0006630998965086413,0.04709505464262256,11.666315820719232,5483.888861809315,1.0173775685132234,0.049474442439555524,8036.8144479350785,3.681266530454975,14939.345494708352
1.0721662378372467,2.011037067084767,3.779677132463493,47.16366245924185,1.0281707226615209,3.318046998879931,0.4929543137856037,1.1953746841773907,3228.662191325886,0.3484073657803288,0.6195934044815873,0.006744616528711214,0.9332228425985988,7850.5008457858685,1.7571059561459306,2.6430465945117207,0.035955071418488985,0.000682558357344635,0.04690552698286417,10.801556121380266,5112.200417602913,0.9731412094596305,0.05211717476700388,7408.19715652143,3.6650107259457902,16444.27381171862
0.9727076524094026,2.142445789030255,3.690848515528779,49.83495764311126,1.014110660880493,3.6277158562531016,0.49216174995143114,1.1970653418384751,3316.7667299587897,0.32976138851661463,0.6232236443494411,0.006842062071557226,1.047936804979615,7640.540467538466,1.9177460305201894,2.7036280928356122,0.03444680987561488,0.0006004901369859231,0.04354443929259558,10.424153329615297,5257.978109535877,1.0258262378733942,0.05046305830571857,7623.942677941288,3.811775362369831,16666.941795590043
1.012302192492501,2.2404175336889764,3.6401585940959964,50.91708705011891,1.0706854615036057,3.2565554054257637,0.5583805703625062,1.2124166438234636,3511.599208766567,0.3383888291477226,0.6609130025637577,0.007248877269030518,0.9821745467912985,7879.272803093176,1.826965072322334,2.944951470061525,0.03452598723204387,0.0006229542837393645,0.046245903990746205,11.02357050012904,4777.7401378104805,0.9687249898079934,0.04890197663285463,8000.830107932637,3.550518214741279,14926.483751169957
0.9937650799478177,1.9576891419896643,3.541292488907151,51.006035430431076,1.05560900365196,3.665378560601419,0.5579002330748679,1.155941200116583,3462.213529258655,0.321168530522551,0.6257090733766453,0.007370314189778184,1.0540211283261485,7876.89843168833,1.9442692339580634,2.976416581404917,0.03573628293234907,0.0006876603345623731,0.04489173989395344,10.139198978597692,5296.123540979939,1.0547502488038303,0.05265462680196801,7442.612264782334,3.3343203777636843,16162.061198843488
1.043977609037879,2.2227286935486115,3.644567986338407,46.61864830671789,0.9600296516141689,3.4064739977224088,0.5150636075964516,1.1688366760241826,3274.2192750039567,0.3526032828013685,0.6733660881050785,0.007288127316025966,0.9693481639719128,8001.663546841246,1.9214738789058492,2.9436397835919683,0.03695209685661374,0.0006315229382394951,0.04625285748956705,10.123349765976666,4834.22993414613,0.9298703828085484,0.05336587940366745,8056.661712246996,3.517588834983662,15073.282918713954
1.0242953063097873,2.225251194476545,3.809493962222674,47.720280686849065,0.9903805877311564,3.511584512050245,0.500267120480047,1.142126798186549,3533.446713377275,0.33557268340306645,0.6900831897304511,0.007468339314963705,1.0525317765651252,7540.4890111013665,1.9476432403583237,2.807781468601325,0.03680495474441132,0.0006377289899285488,0.04351958346513305,10.595445656432183,5358.893677682835,1.0388565953269695,0.052509317042335704,7398.306686853163,3.7379554995480997,16012.055926191382
0.9314830646795037,1.9924841026399034,3.79464446681974,49.569361818517265,1.065431894594628,3.2686029268132293,0.5455449464066954,1.0599171112161923,3277.042552401677,0.3302840698931829,0.6302399491727417,0.00690921245765474,0.9485079767071647,7647.504892583887,1.8566146036248643,2.650108838789238,0.03421568992605662,0.0006774725014963201,0.044878909251546334,10.842323611943502,5015.058571956521,1.0383486914600824,0.052275737271900206,7336.194878015145,3.6082957562884816,16631.332274410197
0.9965879175618214,2.072328228341747,3.5851559273707396,49.677030840048445,1.0231524558131109,3.5873177900116415,0.541531667859761,1.1819918552244368,3176.1831855844002,0.323834310787203,0.678250801987715,0.006772697737050338,0.9764772660222444,7597.788923233828,1.950282774777531,2.8020138797042815,0.03483213417620136,0.000668705745613985,0.04358974951402169,10.233872726601337,5015.667979882151,0.9334973383967249,0.05232934676750712,7763.799066224068,3.8282243287898394,14939.140854114337
1.043231048156728,2.149605151113412,3.416450709101356,49.08716722504557,1.0566326227789526,3.499191118509658,0.5299908708361577,1.2222718943897763,3431.9773854044465,0.33507674685050426,0.6059746915866498,0.006653946334845561,1.0221225035872514,7188.668173240017,1.838919287082835,2.904623776949881,0.03704522084594358,0.0006863540602302295,0.047303575255508906,11.634159497146964,5046.318715797803,0.9850961119793882,0.04952215785866115,7542.976345477953,3.766548731163514,16317.642302083525
0.9835760782922875,1.9869042469591438,3.736268419757467,47.1416417037202,1.0311220585430212,3.3598379646983183,0.49981191280334536,1.2239321358388826,3155.487918546223,0.3660012157289617,0.6213284700888193,0.006499262177467616,1.0509043804909641,8026.7075575100625,1.9884287939274552,2.90809427423336,0.035070476942041344,0.0006639350396971815,0.045263691119981186,10.884463332048927,5374.24727729666,0.9738864627786301,0.049351860167342866,7750.495610251522,3.5710577440490576,16040.261914441016
0.9449362999939648,2.1229162313338343,3.384264568631113,47.54715240490832,0.9720749066153559,3.689560660855709,0.5575227346382512,1.1437456932965429,3312.651862277514,0.3235854757935968,0.6839142879969778,0.007230049060662675,1.051949374543373,7066.667270680642,1.796797188804997,2.6451460393577793,0.03356241056755313,0.0006487722476717538,0.041914558089404926,10.628832034376043,4949.848436473574,1.0085589719664567,0.05246208714684458,7944.259177242518,3.8238560560042787,16234.242074502085
1.0360141535862801,2.2010302423296224,3.6487579965924377,51.49705991447817,1.0913151829096455,3.4384023437781317,0.4926573090736289,1.0616986945445945,3247.851851948665,0.33211836777648307,0.6143817817327218,0.006734897776619446,1.0532770348851903,7086.464571966422,1.826436081956416,2.954164344367644,0.035778998788880724,0.0006345116928324571,0.04469449349752551,11.48987993348871,5403.810444985146,0.9869737882546877,0.04940098599663877,7311.974679370926,3.5343583552471625,16653.264135412403
0.9629518091035139,2.010838816719139,3.4343328616751494,49.22785189601731,1.065205658893543,3.5590360180138783,0.555284590222806,1.2043991771435805,3351.823984234532,0.3304022066350044,0.6614389881940359,0.006518059172731274,0.9501069889236299,7682.317169618442,1.9695160578018893,2.795400338365416,0.03573831356497424,0.0006522165568511181,0.043692985055111135,10.105884792579154,5340.779910152149,1.035406307767113,0.047817969173108224,7816.068757907407,3.80890133598388,15875.795051730478
1.005539092134147,2.1495067987009167,3.517564255094811,51.853000811418404,0.9786919119902031,3.3366085010344184,0.49226751188136497,1.0948005228411517,3131.9024025169865,0.33725717318464765,0.6512174739136345,0.006948536175906415,1.032943065858713,7746.328478429785,2.002859172495051,2.904373270425266,0.03637330520899848,0.0006855076215649032,0.046043163773691866,10.898403078574708,5139.401967441764,0.9630880624754188,0.05344893170473528,7922.575326824993,3.675668235880005,16431.06981799628
0.9568855147970661,2.033408615337262,3.482147307677004,52.93382261548826,0.9500027455669822,3.7366222023562523,0.5504710235205506,1.0549213784579126,3348.8566822084804,0.3327352627821839,0.6350990293304078,0.0072187683243688456,0.9873434428013299,7633.960174217843,1.9812584805864617,2.6849724488283746,0.03339753852237289,0.0006513352344478658,0.047908144669115076,10.170140036292324,5032.005670693545,1.072727629983199,0.0509706420669921,7398.193220369612,3.6662345465640294,14567.920639508027
0.9314470703981523,2.000763159857568,3.891197476402336,49.58123028629018,1.0071384558482233,3.645975088919836,0.5389914265432038,1.1068782992790012,3262.9832021330317,0.3297955871445218,0.6312575333424686,0.007046501978502658,0.9832453769647775,7261.6441813128295,1.7414500871064555,3.040641820502615,0.03429916575041275,0.0006692146045043017,0.042980188143546975,10.883241921604252,4860.589387444409,0.9564418024214645,0.04695537353178447,8234.267010118876,3.3316513298755988,15092.637850110106
0.9414547454021036,2.1826886477315117,3.3623651601524482,51.3470103651578,1.0751957232127523,3.2451699116645587,0.5573255393632448,1.112116624755112,3254.354653921019,0.355474722427976,0.6455929524484708,0.007263370558794266,1.0253031037487297,7702.832964344896,1.8483241621232855,2.738746491834756,0.036970368438066656,0.0006763486420649835,0.04643203870165086,10.234291435933281,5341.858780078502,0.9933894500086002,0.049348446910123335,8460.617304399224,3.810386757774883,16622.76815330985
0.9525185633015837,1.9524036817175592,3.6624985565556747,50.3081444910034,1.0770498012069665,3.3109646067626715,0.4929509968589214,1.148236605935871,3152.4099707564387,0.35536666779218445,0.6925097723658119,0.0068875948689695555,0.9755456493347616,7271.666216906093,1.868058706117452,2.6397115123516066,0.03547573391132587,0.0006438505757599262,0.045997814189862915,11.398402287491766,5325.197656506934,0.9556701652945537,0.0516983337634801,7370.177091382495,3.5182386042896674,15209.195079899664
0.97460699679837,2.1038981260492298,3.540185275461285,49.673660623748866,1.061775015198901,3.4439387739467247,0.5125877004418461,1.1405000758222132,3229.9589200493665,0.35734903153964753,0.6044069048357006,0.006590781369686839,0.9844166245711896,6966.322397126054,1.9703992094885612,2.7128222146090977,0.037046548045446034,0.0006155212701632135,0.04710062794394286,10.26469825128505,5141.713018642861,1.0400207911557642,0.0525797741271767,7424.189313105833,3.6368903173965452,16556.726321692266
0.9382581333645734,2.2398288536703155,3.632371773778421,47.41199704651689,1.0145607545449167,3.3600364522934782,0.5201695238826622,1.1514341755619295,3285.0946747973862,0.33654217406998466,0.6816381570690507,0.006889984448414689,0.952851283520637,7434.279367922056,1.9845132723225356,3.0242120642737125,0.03584903117309739,0.0006650725323592636,0.04234235892890867,11.376337963775946,5222.577029355567,0.9514154233303757,0.04826352040980994,7857.8965766015135,3.3335285298923245,16666.917376621328
0.9730284569355662,2.074377431355035,3.3805142967091757,51.764984499490495,0.9975851183065153,3.429139873971751,0.4994479044309605,1.1944906469824734,3554.5151776605585,0.3496721333707422,0.6230383236880558,0.007185222922029203,0.9619757667741031,7885.010024496663,1.7834740521896648,2.66428692064601,0.0339594574141841,0.0005923377226730961,0.04674105270850755,10.342529752194356,4786.80926258641,1.062005684029924,0.04723820796509148,8392.445155423673,3.5971351614108276,15607.719240661321
0.9279951546824858,1.9682345803092307,3.5857902101355466,51.719455437365205,1.0180348247005584,3.557778437061838,0.5004964524641394,1.1971920089073862,3332.5074734052314,0.3367892108920521,0.6387469380110533,0.0065938715024333695,1.0723353884025617,7637.562644236149,1.9390919544344307,2.6485040240686843,0.03282059813383324,0.0006870593699759181,0.04425908290338051,10.776363027655854,5477.981112971622,1.0057617903439129,0.053375340072535554,7464.494005566172,3.50340029210159,16120.689610051319
0.9907544043077906,2.1382809136638654,3.3582626747967232,50.504144713728415,1.0714492935394744,3.4162920055242703,0.5549210798388312,1.072951542956369,3375.0676520698366,0.35690260290827547,0.6640281341806762,0.007423296916338145,1.0515650177185614,7979.61198063997,1.8790164415004482,3.015099310625833,0.03396982434507649,0.0006206064092476587,0.04784129864013469,10.852188443768792,5422.342271936597,0.9457834843188008,0.046271372311388254,7503.735465783828,3.8147418840444076,16169.759287112978